year,city,number_of_high_schools,number_of_bachelor_graduates_in_percent,number_of_high_school_graduates_in_percent,number_of_high_school_students,Registration_for_higher_education_within_8_years_in_percent,number_of_students_in_percent
2019,אבו גוש,3,13.03,59.29,361,..,3.74
2019,אבו סנאן,3,12.09,65.81,592,28.50,2.32
2019,אבן יהודה,3,55.59,83.96,1087,46.10,3.03
2019,אום אל-פחם,13,8.52,59.40,3838,23.30,2.11
2019,אופקים,11,12.26,50.24,1551,26.60,1.84
2019,אור יהודה,7,13.76,72.31,1244,40.50,2.31
2019,אור עקיבא,5,14.65,82.74,832,27.20,1.97
2019,אורנית,1,48.79,83.70,566,..,3.45
2019,אזור,-,21.82,76.67,-,36.10,2.29
2019,אילת,8,10.82,66.28,1988,23.10,1.89
2019,אכסאל,5,13.55,59.24,966,24.70,2.47
2019,אליכין,-,26.27,60.78,-,..,2.84
2019,אלעד,34,11.17,28.61,4002,16.70,1.15
2019,אלפי מנשה,-,36.51,81.20,-,..,2.56
2019,אלקנה,2,68.87,96.83,399,..,6.72
2019,אעבלין,4,12.12,58.13,1468,40.30,2.54
2019,אפרת,3,49.67,84.42,674,63.10,5.37
2019,אריאל,2,24.13,90.36,439,37,11.98
2019,אשדוד,58,15.32,56.99,11787,35.10,2.11
2019,אשקלון,21,19.22,72.04,5379,38.40,2.37
2019,באקה אל-גרביה,6,12.74,67.66,1997,32.70,2.96
2019,באר יעקב,8,33.83,71.27,1461,19.60,1.91
2019,באר שבע,31,21.6,76.12,8194,34.30,3.66
2019,בועיינה-נוג'ידאת,2,10.68,64.56,659,31.80,2.91
2019,בוקעאתא,1,6.18,84.75,327,..,2.62
2019,ביר אל-מכסור,1,7.88,41.67,533,15.50,1.74
2019,בית אל,4,47.92,89.76,1026,39.30,6.44
2019,בית אריה-עופרים,-,29.95,82.43,-,..,3.12
2019,בית ג'ן,1,15.76,92.31,606,36.10,3.52
2019,בית דגן,-,26.05,85.84,-,42.50,3.13
2019,בית שאן,6,13.14,64.18,804,30.70,2.44
2019,בית שמש,57,10.43,35.69,7329,26.60,1.63
2019,ביתר עילית,42,5.91,11.14,4595,19.30,0.93
2019,בני ברק,107,7.19,6.22,18143,9.60,0.81
2019,"בני עי""ש",-,12.23,66.28,-,..,2.25
2019,בנימינה-גבעת עדה*,2,60.46,81.97,776,42,3.08
2019,"בסמ""ה",2,12.67,57.75,622,25.50,2.41
2019,בסמת טבעון,1,8.11,63.01,351,29.50,2.05
2019,בענה,2,7.86,60.33,676,39.10,2.85
2019,בת ים,17,9.8,74.03,3578,27.20,1.45
2019,גבעת זאב,1,22.05,46.94,11,34.90,2.91
2019,גבעת שמואל,3,57.95,90.76,844,62.80,5.6
2019,גבעתיים,5,55.35,92.79,2585,52.20,4.1
2019,ג'דיידה-מכר,4,10.03,61.50,1120,33.40,2.24
2019,גדרה,6,42.77,87.70,1828,43.70,3.04
2019,ג'ולס,1,19.55,71.30,294,..,3.97
2019,ג'לג'וליה,1,10.28,61.71,513,23.60,2.5
2019,גן יבנה,2,32.69,84.54,1162,43.20,3.79
2019,גני תקווה,2,53.99,83.61,674,56.20,2.91
2019,ג'סר א-זרקא,2,2.09,37.50,708,9.40,0.83
2019,ג'ש (גוש חלב),1,25.58,68.29,172,..,4.4
2019,ג'ת,1,24.6,68.42,662,39.50,4.38
2019,דאלית אל-כרמל,2,14.85,82.45,498,27.40,3.11
2019,דבורייה,1,16.21,59.36,638,40,3.35
2019,דייר אל-אסד,1,13.04,65.16,623,27,2.94
2019,דייר חנא,1,15.33,89.33,534,29.40,3.32
2019,דימונה,10,11.67,69.33,1747,26,2.09
2019,הוד השרון,6,54.35,86.50,2740,52.10,3.18
2019,הר אדר,-,55.7,90.48,-,..,4.97
2019,הרצלייה,10,44.95,84.38,3426,51.10,3.4
2019,זכרון יעקב,8,52.58,85.53,1530,49.30,3.56
2019,זמר,1,12.73,57.86,660,33.60,2.7
2019,זרזיר,1,10.02,59.73,499,23,2.2
2019,חדרה,21,22.25,68.27,3912,31.40,2.24
2019,חולון,22,23.15,76.67,6453,41.40,2.3
2019,חורה,7,10.6,54.46,1885,23,1.99
2019,חורפיש,1,22.69,91.15,358,44.50,4.37
2019,חיפה,50,33.89,74.74,12278,46.70,4.81
2019,חצור הגלילית,5,13.11,50.78,846,19.20,2.25
2019,חריש,-,28.99,64.29,-,..,1.76
2019,טבריה,16,10.07,61.43,2604,29.10,1.84
2019,טובא-זנגרייה,1,6.86,62.70,281,..,2.02
2019,טורעאן,1,14.52,65.27,658,26.90,2.89
2019,טייבה,4,13.49,74.28,2624,29.90,3.01
2019,טירה,7,16.47,62.48,1563,34.10,3.05
2019,טירת כרמל,3,17.39,75.53,584,24.30,2.21
2019,טמרה,9,12.19,60.25,2284,31.30,2.88
2019,יאנוח-ג'ת,1,16.21,82.76,336,35.40,2.82
2019,יבנאל,3,15.85,54.93,142,..,1.85
2019,יבנה,7,29.65,79.77,1456,40.30,2.51
2019,יהוד,3,35.07,85.46,1805,47.90,2.9
2019,יסוד המעלה,-,46.29,-,-,..,4.1
2019,יפיע,4,12.16,69.81,1027,37,3.05
2019,יקנעם עילית,1,38.99,80.56,848,37.80,2.87
2019,ירוחם,3,21.43,65.19,470,39.90,3.1
2019,ירושלים,353,16.35,38.32,58932,22.30,2.68
2019,ירכא,7,12.34,80.92,1180,26.30,3.05
2019,כאבול,1,15.17,80.47,650,35.60,3.18
2019,כאוכב אבו אל-היג'א,1,20.99,92.31,247,..,4.01
2019,כוכב יאיר,-,62.77,93.37,-,55,5.24
2019,כסיפה,4,12.2,51.69,1660,21.10,2.28
2019,כסרא-סמיע,2,13.11,93.29,480,18.30,2.47
2019,כעביה-טבאש-חג'אג'רה,1,12.83,66.67,358,..,2.61
2019,כפר ברא,-,15.39,65.79,-,..,3.4
2019,כפר ורדים,2,55.31,82.46,398,..,4.45
2019,כפר יאסיף,1,20.97,71.82,619,33.60,3.08
2019,כפר יונה,1,35.76,80.30,838,37.30,2.29
2019,כפר כמא,-,23.19,53.57,-,..,4.81
2019,כפר כנא,5,10.77,65.75,1585,29.60,2.53
2019,כפר מנדא,3,10.46,79.09,1294,18.30,2.13
2019,כפר סבא,14,47.69,81.36,4085,45.60,2.64
2019,כפר קאסם,4,12.02,70.66,1689,23.10,2.75
2019,כפר קרע,6,17.97,59.82,1223,32.50,2.63
2019,כפר שמריהו,-,46.97,-,-,..,3.58
2019,כפר תבור,-,52.48,86.84,-,..,4.53
2019,כרמיאל,11,21.33,73.23,1942,37,3.02
2019,להבים,-,70.26,87.50,-,58.30,6.35
2019,לוד,18,11.39,57.07,4304,25.30,1.97
2019,לקיה,3,9.65,43.91,992,14.10,1.87
2019,מבשרת ציון,3,42.52,80.73,1025,51.70,4.22
2019,מגאר,4,13.24,76.59,1167,37.70,2.98
2019,מג'ד אל-כרום,7,10.04,65.19,1114,28.20,2.67
2019,מגדל,-,19.59,-,-,..,2.75
2019,מגדל העמק,9,13.83,64.94,1480,30.20,2.13
2019,מג'דל שמס,1,7.42,68.69,554,41.40,3.05
2019,מודיעין עילית,39,3.79,3.20,6014,53.80,3.78
2019,מודיעין-מכבים-רעות*,15,54.79,90.92,5702,10.20,0.43
2019,מזכרת בתיה,2,53.79,83.89,744,50,3.56
2019,מזרעה,-,10.2,60.38,-,..,1.97
2019,מטולה,-,38.79,-,-,..,8.94
2019,מיתר,1,63.52,88.24,449,50,4.63
2019,מסעדה,1,5.42,87.72,307,..,2.73
2019,מעיליא,1,31.46,75.44,370,..,3.97
2019,מעלה אדומים,8,24.87,87.33,2130,43.90,3.87
2019,מעלה אפרים,1,18.74,-,104,..,2.76
2019,מעלה עירון,2,10.61,59.94,840,23.70,2.03
2019,מעלות-תרשיחא,4,18.36,69.73,962,42.60,2.75
2019,מצפה רמון,2,22.75,87.93,332,30.90,3.28
2019,משהד,3,10.59,65.08,686,35,2.7
2019,נהרייה,8,21.25,71.49,1940,39.70,2.64
2019,נוף הגליל,6,16.56,64.78,940,37,2.42
2019,נחף,3,12.44,41.11,848,38.10,3.11
2019,נס ציונה,7,50.99,87.75,1990,53.50,3.11
2019,נצרת,24,15.01,56.49,6340,34,2.82
2019,נשר,2,29.66,78.48,603,48.40,4.68
2019,נתיבות,13,14.68,62.59,1568,31.40,2.27
2019,נתניה,29,22.35,73.36,8172,37.60,2.27
2019,סאג'ור,1,16.12,78.48,173,..,3.68
2019,סביון*,-,51.65,94.05,-,..,4.0
2019,סח'נין,6,15.78,70.92,1942,39.50,3.44
2019,ע'ג'ר,1,9.81,87.76,152,..,2.69
2019,עומר,1,59.72,86.89,399,..,4.06
2019,עיילבון,1,21.47,55.34,273,..,3.54
2019,עילוט,1,2.94,62.58,443,16,1.17
2019,עין מאהל,3,9.3,34.93,900,21.30,1.96
2019,עין קנייא,-,6.65,89.19,-,..,2.88
2019,עכו,11,13.37,70.88,2458,34.20,2.42
2019,עמנואל,1,6.68,43.28,90,..,0.79
2019,עספיא,2,14.38,84.51,619,26.80,2.96
2019,עפולה,10,16.57,65.64,1959,33.50,2.89
2019,עראבה,5,16.18,77.65,1543,30.20,2.96
2019,ערד,6,12.36,51.48,1096,22.90,1.53
2019,ערערה,3,14.85,68.07,1037,17.90,2.32
2019,ערערה-בנגב,5,7.26,25.41,1449,12.40,1.17
2019,פוריידיס,4,8.63,72.83,803,17,1.9
2019,פסוטה,-,23.54,74.19,-,..,4.56
2019,פקיעין (בוקייעה),1,20.12,92.71,240,43.10,3.62
2019,פרדס חנה-כרכור,8,41.91,75.48,1176,30.10,2.43
2019,פרדסייה,-,48.06,90.80,-,48.20,4.3
2019,פתח תקווה,54,33.22,74.84,11421,41.80,2.52
2019,צפת,14,15.39,48.19,2093,33.10,2.72
2019,קדומים,2,54.37,84.78,454,..,4.17
2019,קדימה-צורן,1,48.97,88.56,985,35.80,3.17
2019,קלנסווה,4,11.7,59.06,1471,26,2.92
2019,קצרין,2,17.46,66.67,620,..,3.36
2019,קריית אונו,3,56.84,89.46,1788,55.80,3.3
2019,קריית ארבע,2,26.43,68.33,418,35.70,4.5
2019,קריית אתא,8,20.88,76.96,1843,42.50,2.53
2019,קריית ביאליק,2,26.57,78.89,1414,34.30,2.63
2019,קריית גת,14,13.83,63.80,2509,23.40,2.14
2019,קריית טבעון,3,54.58,80.80,869,50.10,3.9
2019,קריית ים,3,13.46,66.92,975,35.20,1.93
2019,קריית יערים,2,15.67,24.07,207,..,2.13
2019,קריית מוצקין,4,28.99,79.15,1602,38.30,2.78
2019,קריית מלאכי,7,12.15,65.20,885,27.10,2.07
2019,קריית עקרון,1,15.5,72.46,197,35.70,2.68
2019,קריית שמונה,6,14.34,63.40,887,38.50,4.43
2019,קרני שומרון,1,38.94,76.32,306,..,4.64
2019,ראמה,3,20.53,75,914,38.70,3.39
2019,ראש העין,5,34.39,75.25,1685,38.40,3.16
2019,ראש פינה,-,38.35,72.73,-,..,4.28
2019,ראשון לציון,30,26.26,81.73,9447,44.20,2.99
2019,רהט,11,7.49,57.43,3644,16.20,1.77
2019,רחובות,28,39.02,77.01,6126,42.40,3.16
2019,ריינה,3,8.92,59.32,1022,22.40,2.24
2019,רכסים,9,7.82,15.93,855,20.70,1.12
2019,רמלה,15,9.04,64.85,3293,25.40,1.73
2019,רמת גן,15,42.17,83.90,6455,51.60,3.87
2019,רמת השרון,5,55.9,79.26,2911,58.30,3.07
2019,רמת ישי,-,52.18,79.80,-,..,4.76
2019,רעננה,13,43.8,87.75,3644,55.80,3.54
2019,שבלי - אום אל-גנם,1,11.03,56.25,355,..,2.26
2019,שגב-שלום,3,7.6,36.41,1383,12.20,1.3
2019,שדרות,4,17.65,78.44,752,34.20,3.99
2019,שוהם,2,59.41,91.91,1261,64.80,5.97
2019,שלומי,1,16.21,66,132,..,2.11
2019,שעב,1,9.96,51.24,366,..,2.9
2019,שפרעם,9,11.31,56.50,2204,27.60,2.45
2019,תל אביב -יפו,68,44.63,74.39,13872,44.90,4.78
2019,תל מונד,1,53.31,91.48,690,54.80,3.56
2019,תל שבע,5,7.39,40.58,1358,11.20,1.59
2018,אבו גוש,3,39.34,24.50,294,10.7,20.4
2018,אבו סנאן,3,47.56,28.85,577,11.1,10.1
2018,אבן יהודה,3,76.92,26.20,1153,53.9,14.2
2018,אום אל-פחם,13,44.27,27.44,3704,7.7,10.7
2018,אופקים,11,33.77,22.97,1424,10.3,5.8
2018,אור יהודה,7,51.3,23.64,1111,12.6,11.8
2018,אור עקיבא,5,61.3,20.46,798,12.7,9.1
2018,אורנית,1,79.47,27.80,417,46.0,13.4
2018,אזור,-,57.6,-,-,20.4,11.0
2018,אילת,7,62.06,22.93,1903,10.1,6.1
2018,אכסאל,5,41.23,30.17,875,11.6,9.8
2018,אליכין,-,58.46,-,-,25.2,11.7
2018,אלעד,30,16.49,30.17,3500,10.2,6.5
2018,אלפי מנשה,-,79.56,-,-,34.9,9.1
2018,אלקנה,2,86.84,25.13,377,63.5,43.4
2018,אעבלין,4,62.65,28.33,1388,11.1,15.7
2018,אפרת,3,81.02,26.22,603,45.8,21.3
2018,אריאל,2,65.95,22.48,472,21.6,47.5
2018,אשדוד,54,48.11,24.94,11497,13.9,10.7
2018,אשקלון,21,60.25,24.33,5109,17.5,11.6
2018,באקה אל-גרביה,6,47.87,27.11,1952,11.5,15.2
2018,באר יעקב,7,53.75,22.87,1212,31.5,8.9
2018,באר שבע,31,62.03,24.82,7693,19.6,15.9
2018,בועיינה-נוג'ידאת,2,41.71,30.24,635,9.5,14.5
2018,בוקעאתא,1,68.18,26.58,319,4.9,12.6
2018,ביר אל-מכסור,1,37.88,28.79,547,6.6,8.4
2018,בית אל,4,75.52,27.17,951,43.2,23.3
2018,בית אריה,-,67.03,-,-,27.7,11.5
2018,בית ג'ן,1,78.33,26.50,636,13.6,14.5
2018,בית דגן,-,72.0,-,-,24.1,13.9
2018,בית שאן,6,54.7,17.44,750,11.6,10.0
2018,בית שמש,52,32.41,25.28,6674,9.7,8.8
2018,ביתר עילית,38,5.84,28.71,4220,4.6,5.1
2018,בני ברק,107,4.72,29.54,17369,6.3,2.8
2018,"בני עי""ש",-,64.29,-,-,11.2,10.0
2018,בנימינה-גבעת עדה*,2,77.42,32.57,749,58.5,8.8
2018,"בסמ""ה",2,42.8,27,648,11.0,12.2
2018,בסמת טבעון,1,53.1,27.54,358,7.7,9.2
2018,בענה,2,55.1,25.65,667,7.2,14.6
2018,בת ים,17,58.88,22.88,3547,9.0,9.3
2018,גבעת זאב,1,43.51,-,-,20.9,11.2
2018,גבעת שמואל,2,88.17,31.59,695,56.3,31.0
2018,גבעתיים,5,86.92,31.75,2413,53.0,18.9
2018,ג'דיידה-מכר,4,52.33,27.50,1100,8.8,11.6
2018,גדרה,6,78.71,29.55,1655,40.4,11.9
2018,ג'ולס,1,60.91,25.75,309,17.1,16.8
2018,ג'לג'וליה,1,64.44,33.13,497,9.0,15.2
2018,גן יבנה,3,77.22,26.74,1150,30.4,14.0
2018,גני תקווה,2,81.01,25.53,434,51.9,16.2
2018,ג'סר א-זרקא,2,24.27,23.75,760,1.8,4.4
2018,ג'ש (גוש חלב),1,76.36,24.86,174,23.5,24.8
2018,ג'ת,1,63.36,28.27,622,21.8,25.3
2018,דאלית אל-כרמל,2,58.33,21.26,489,13.0,13.5
2018,דבורייה,1,51.61,28.95,637,14.2,15.8
2018,דייר אל-אסד,1,59.0,29.50,590,12.0,15.2
2018,דייר חנא,1,81.03,29.59,503,13.4,16.1
2018,דימונה,10,62.73,22.60,1695,10.3,7.7
2018,הוד השרון,6,84.27,28.73,2614,52.2,14.8
2018,הר אדר,-,85.88,-,-,54.9,12.4
2018,הרצלייה,10,79.15,26.62,3301,42.5,18.4
2018,זכרון יעקב,8,75.68,27.31,1502,50.9,12.1
2018,זמר,1,58.91,33.70,674,11.2,14.7
2018,זרזיר,1,46.76,28.44,455,8.3,10.6
2018,חדרה,19,54.48,24.11,3689,20.6,9.5
2018,חולון,22,65.06,26.74,5990,21.5,13.7
2018,חורה,7,36.77,26.77,1713,9.4,10.5
2018,חורפיש,1,80.15,25.21,353,19.7,20.4
2018,חיפה,49,63.72,27.01,11667,32.2,24.6
2018,חצור הגלילית,5,36.88,27.42,850,12.2,8.2
2018,חריש,-,52.38,-,-,29.9,12.2
2018,טבריה,15,42.69,21.53,2498,8.9,7.6
2018,טובא-זנגרייה,1,36.61,28.89,260,5.5,9.7
2018,טורעאן,1,46.18,33.72,607,13.2,15.3
2018,טייבה,4,58.48,33.04,2544,11.9,16.2
2018,טירה,7,51.0,28.44,1422,14.7,16.0
2018,טירת כרמל,3,57.65,25.52,536,14.2,8.2
2018,טמרה,9,45.87,25.67,2233,10.5,14.7
2018,יאנוח-ג'ת,1,56.1,27,324,14.4,12.7
2018,יבנאל,2,46.15,13.36,147,13.8,8.3
2018,יבנה,8,72.12,24.63,1379,26.6,13.4
2018,יהוד,3,71.6,29.18,1780,33.9,13.6
2018,יסוד המעלה,-,72.41,-,-,43.5,7.9
2018,יפיע,4,65.92,26.17,942,10.8,14.9
2018,יקנעם עילית,1,64.32,26.73,802,36.5,9.4
2018,ירוחם,3,53.85,20.86,459,17.9,10.4
2018,ירושלים,343,32.4,27.07,54357,15.0,10.8
2018,ירכא,7,52.47,27.90,1088,11.1,12.5
2018,כאבול,1,60.91,28.41,625,13.5,16.6
2018,כאוכב אבו אל-היג'א,1,78.95,25.78,232,18.8,21.9
2018,כוכב יאיר,-,84.08,-,-,59.4,15.4
2018,כסיפה,4,43.11,26.35,1581,10.1,10.6
2018,כסרא-סמיע,2,58.49,24.50,441,11.5,12.3
2018,כעביה-טבאש-חג'אג'רה,1,54.95,27,351,11.3,13.2
2018,כפר ברא,-,63.44,-,-,13.1,11.2
2018,כפר ורדים,2,75.63,27.33,328,53.2,9.8
2018,כפר יאסיף,1,63.58,29.58,562,19.0,16.0
2018,כפר יונה,1,55.63,31.48,724,33.8,9.1
2018,כפר כמא,-,61.9,-,-,19.8,23.4
2018,כפר כנא,5,46.87,29.58,1538,9.5,14.8
2018,כפר מנדא,3,52.37,27.47,1236,9.5,10.3
2018,כפר סבא,13,75.29,25.43,4221,45.3,14.4
2018,כפר קאסם,4,56.53,26.98,1592,10.7,13.6
2018,כפר קרע,6,53.09,28.12,1181,16.6,12.8
2018,כפר שמריהו,-,91.67,-,-,44.0,27.7
2018,כפר תבור,-,85.29,-,-,49.4,13.4
2018,כרמיאל,11,59.71,21.09,1835,19.6,12.9
2018,להבים,-,83.85,-,-,67.5,18.8
2018,לוד,18,43.88,25.42,4143,10.0,9.9
2018,לקיה,3,33.33,28.46,996,8.4,8.8
2018,מבשרת ציון,3,70.59,25.64,1000,40.4,14.6
2018,מגאר,4,61.43,23.92,1148,11.1,14.6
2018,מג'ד אל-כרום,7,50.57,27.05,1055,8.7,14.4
2018,מגדל,-,57.14,-,-,17.0,12.5
2018,מגדל העמק,9,44.86,21.44,1415,12.1,7.8
2018,מג'דל שמס,1,64.67,27.68,526,6.2,19.3
2018,מודיעין עילית,37,1.16,33.87,5385,3.1,2.2
2018,מודיעין-מכבים-רעות*,15,85.21,30.10,5147,52.2,14.4
2018,מזכרת בתיה,1,80.0,27.58,662,50.8,14.3
2018,מזרעה,-,50.98,-,-,9.3,10.1
2018,מטולה,-,55.0,-,-,35.1,17.4
2018,מיתר,1,84.7,29.64,415,61.2,13.8
2018,מסעדה,1,58.9,23.62,307,4.1,15.9
2018,מעיליא,1,81.25,27.77,361,28.2,32.0
2018,מעלה אדומים,8,74.21,25.69,1927,22.0,14.7
2018,מעלה אפרים,1,43.75,15.67,94,16.3,6.0
2018,מעלה עירון,2,49.84,28.57,800,10.0,9.5
2018,מעלות-תרשיחא,4,62.3,23.97,935,16.4,11.3
2018,מצפה רמון,2,57.63,23.71,332,19.6,8.0
2018,משהד,3,39.66,22.69,658,9.5,14.9
2018,נהרייה,8,58.38,24.75,1906,19.7,10.8
2018,נחף,3,45.24,21.92,855,11.2,15.5
2018,נס ציונה,7,84.46,28.59,1801,48.5,15.4
2018,נצרת,24,50.07,28.75,6094,13.8,15.1
2018,נצרת עילית,5,63.53,22.08,883,15.5,12.7
2018,נשר,1,69.14,23.67,568,27.8,17.2
2018,נתיבות,13,40.53,21.80,1548,12.6,9.8
2018,נתניה,29,57.64,24.83,7845,21.3,13.4
2018,סאג'ור,1,53.33,18.33,165,14.1,12.7
2018,סביון*,-,93.42,-,-,51.0,21.0
2018,סח'נין,6,52.8,28.25,1921,13.8,17.4
2018,ע'ג'ר,1,55.56,22.50,135,8.7,15.8
2018,עומר,1,86.36,31.67,380,58.3,14.5
2018,עיילבון,1,46.73,35.75,286,19.8,19.7
2018,עילוט,1,53.24,27.47,412,2.2,8.1
2018,עין מאהל,3,35.02,31.45,912,7.9,10.7
2018,עין קנייא,-,44.0,-,-,4.2,22.1
2018,עכו,12,45.0,21.91,2344,12.2,10.9
2018,עמנואל,1,26.09,21.50,86,5.2,2.3
2018,עספיא,2,77.23,23.80,595,12.6,16.6
2018,עפולה,9,51.39,24.99,1674,14.5,11.7
2018,עראבה,5,61.31,25.74,1467,14.2,14.8
2018,ערד,5,46.85,27.65,1023,11.4,5.3
2018,ערערה,3,46.51,28,952,13.1,11.1
2018,ערערה-בנגב,4,11.99,24.57,1327,6.2,5.9
2018,פוריידיס,4,54.75,24.42,806,7.7,9.4
2018,פסוטה,-,86.54,-,-,23.0,27.7
2018,פקיעין (בוקייעה),1,81.63,24.33,219,18.2,16.6
2018,פרדס חנה-כרכור,8,61.22,23.71,972,38.9,7.9
2018,פרדסייה,-,81.32,-,-,45.0,15.3
2018,פתח תקווה,51,67.62,25.53,10799,31.5,14.7
2018,צפת,14,35.86,24.36,2046,13.4,10.7
2018,קדומים,2,81.05,22.42,426,51.1,20.7
2018,קדימה-צורן,1,76.49,32.84,624,47.3,9.8
2018,קלנסווה,4,55.35,28.54,1427,10.6,14.2
2018,קצרין,2,54.46,19.87,616,15.4,18.3
2018,קריית אונו,3,84.14,31.07,1771,54.6,18.7
2018,קריית ארבע,2,58.62,21.89,394,24.0,17.6
2018,קריית אתא,8,56.28,21.83,1768,19.0,11.3
2018,קריית ביאליק,2,61.06,25.35,1217,24.9,10.1
2018,קריית גת,13,51.97,22.12,2345,11.7,8.8
2018,קריית טבעון,3,80.79,21.97,769,52.4,12.1
2018,קריית ים,3,50.0,21.98,945,12.4,10.1
2018,קריית יערים,2,12.35,24.88,199,15.0,6.0
2018,קריית מוצקין,4,65.86,26.51,1617,27.0,12.8
2018,קריית מלאכי,7,54.08,19.67,846,9.7,7.9
2018,קריית עקרון,1,65.35,27.29,191,13.9,9.8
2018,קריית שמונה,6,52.81,21.15,846,12.7,20.7
2018,קרני שומרון,1,72.79,29.33,264,35.1,14.0
2018,ראמה,3,71.72,26.71,908,19.1,17.2
2018,ראש העין,6,67.75,27.84,1587,31.5,12.5
2018,ראש פינה,-,67.31,-,-,35.8,10.3
2018,ראשון לציון,30,71.74,27.31,9313,24.5,15.6
2018,רהט,11,38.34,26.86,3572,6.3,8.0
2018,רחובות,28,66.09,26.51,5780,36.6,15.3
2018,ריינה,3,39.49,29.41,1088,7.7,12.4
2018,רכסים,9,8.43,25.06,802,6.8,3.5
2018,רמלה,14,47.02,23.12,3191,7.8,9.6
2018,רמת גן,15,77.54,29.82,6472,39.7,19.5
2018,רמת השרון,5,75.0,28.33,2833,54.1,17.6
2018,רמת ישי,-,79.46,-,-,49.3,14.0
2018,רעננה,13,82.51,25.88,3546,42.6,17.5
2018,שבלי - אום אל-גנם,1,37.93,23.93,359,9.5,12.8
2018,שגב-שלום,3,29.03,29.50,1357,6.0,5.6
2018,שדרות,4,64.29,18.81,696,14.9,14.5
2018,שוהם,2,89.16,30.67,1288,57.2,19.7
2018,שלומי,1,60.19,19.33,116,14.0,8.2
2018,שעב,1,40.97,26.62,346,8.9,14.7
2018,שפרעם,9,48.36,26.58,2206,9.9,11.8
2018,תל אביב -יפו,65,65.9,24.68,12614,42.2,21.5
2018,תל מונד,1,86.96,33.17,796,51.7,12.9
2018,תל שבע,5,23.13,26.87,1236,6.4,7.1
2017,אבו גוש,3,27.70,15,320,10.0,20.8
2017,אבו סנאן,3,51.70,23,616,11.0,10.2
2017,אבן יהודה,4,79.80,28,1274,53.8,13.1
2017,אום אל-פחם,12,43.60,25,3778,7.3,10.5
2017,אופקים,10,32.80,21,1440,9.6,6.8
2017,אור יהודה,7,46.70,21,1103,12.0,12.4
2017,אור עקיבא,5,55.20,21,806,11.6,9.1
2017,אורנית,..,81.10,31,308,45.8,16.8
2017,אזור,..,55.20,0,0,19.9,11.4
2017,אילת,7,59.70,21,1881,10.2,6.7
2017,אכסאל,5,36.50,24,968,11.8,10.3
2017,אליכין,..,58.50,0,0,25.7,14.2
2017,אלעד,28,15.20,28,3269,10.7,5.9
2017,אלפי מנשה,..,69.60,0,0,34.6,11.2
2017,אלקנה,..,90.90,25,374,66.2,52.9
2017,אעבלין,4,62.40,25,1392,11.4,15.1
2017,אפרת,3,83.10,22,648,43.6,24.1
2017,אריאל,..,63.70,22,488,20.9,41.8
2017,אשדוד,51,50,24,11662,13.4,11.1
2017,אשקלון,21,61.40,23,5123,17.2,11.9
2017,באקה אל-גרביה,6,51.40,25,1981,11.1,15.4
2017,באר יעקב,4,54.30,21,1086,31.0,7.9
2017,באר שבע,31,58,23,8179,19.3,15.6
2017,בועיינה-נוג'ידאת,..,52.70,29,642,9.6,14.9
2017,בוקעאתא,..,62.40,26,230,5.2,11.7
2017,ביר אל-מכסור,..,31.50,30,540,6.4,7.6
2017,בית אל,4,72.50,24,933,44.2,20.7
2017,בית אריה,..,67.40,0,0,28.0,11.3
2017,בית ג'ן,..,76.30,26,619,14.9,15.1
2017,בית דגן,..,64,0,0,23.9,14.0
2017,בית שאן,5,51.10,16,722,11.7,10.2
2017,בית שמש,50,30.20,23,6325,10.1,8.6
2017,ביתר עילית,36,4.60,27,3913,4.9,5.3
2017,בני ברק,103,5.10,28,16749,6.3,2.7
2017,"בני עי""ש",..,61.40,0,0,10.6,10.9
2017,בנימינה-גבעת עדה*,..,77.90,25,773,58.4,10.4
2017,"בסמ""ה",..,43.10,26,685,10.9,13.3
2017,בסמת טבעון,..,39,31,336,7.7,10.2
2017,בענה,..,52.90,27,676,7.3,16.2
2017,בת ים,17,58.90,23,3604,8.9,9.2
2017,גבעת זאב,..,46.40,5,5,22.4,12.2
2017,גבעת שמואל,..,83.10,30,627,56.8,30.2
2017,גבעתיים,5,85.80,29,2445,52.2,20.0
2017,ג'דיידה-מכר,4,44.70,27,1105,8.5,12.2
2017,גדרה,6,75.10,26,1640,40.4,11.3
2017,ג'ולס,..,51.80,27,322,17.3,16.3
2017,ג'לג'וליה,..,63.90,34,503,9.0,14.3
2017,גן יבנה,3,74.90,26,1180,30.3,13.2
2017,גני תקווה,..,75,24,218,51.1,17.2
2017,ג'סר א-זרקא,..,23.40,23,728,1.9,3.9
2017,ג'ש (גוש חלב),..,59.50,21,169,23.5,23.4
2017,ג'ת,..,65.10,28,592,20.8,24.4
2017,דאלית אל-כרמל,..,64.90,22,555,13.2,14.3
2017,דבורייה,..,60.50,29,640,14.3,18.2
2017,דייר אל-אסד,..,71.90,28,536,12.0,14.4
2017,דייר חנא,..,81.20,31,497,13.7,16.0
2017,דימונה,10,58.60,23,1691,10.1,7.2
2017,הוד השרון,6,81.40,27,2661,51.9,15.3
2017,הר אדר,..,91.50,0,0,57.5,15.1
2017,הרצלייה,10,75.10,26,3398,41.7,18.8
2017,זכרון יעקב,6,74.80,24,1486,50.7,13.2
2017,זמר,..,52,34,638,11.4,15.8
2017,זרזיר,..,42.10,27,424,8.4,9.1
2017,חדרה,19,52.20,23,3776,20.1,9.5
2017,חולון,22,64.30,24,6170,19.9,14.0
2017,חורה,7,50.30,24,1735,9.5,10.6
2017,חורפיש,..,74.20,27,350,20.0,20.7
2017,חיפה,47,62.80,24,12176,31.9,22.6
2017,חצור הגלילית,4,34.30,27,850,12.0,7.8
2017,חריש,..,..,0,0,31.9,9.3
2017,טבריה,15,43.40,21,2573,8.6,8.7
2017,טובא-זנגרייה,..,35.10,27,265,5.7,7.8
2017,טורעאן,..,62.60,33,596,13.2,16.0
2017,טייבה,3,52.90,34,2488,11.9,16.3
2017,טירה,7,43,25,1503,14.6,16.9
2017,טירת כרמל,3,53.80,21,568,12.2,8.9
2017,טמרה,9,49.30,24,2211,10.0,15.9
2017,יאנוח-ג'ת,..,45.10,26,308,14.8,14.4
2017,יבנאל,..,17.10,15,121,14.9,5.8
2017,יבנה,8,65.80,24,1364,26.2,12.9
2017,יהוד,3,68.70,27,1805,33.3,14.7
2017,יסוד המעלה,..,..,0,0,44.4,8.3
2017,יפיע,4,60.30,25,1006,10.4,16.7
2017,יקנעם עילית,..,68.50,24,765,35.8,10.7
2017,ירוחם,3,51,21,466,18.0,10.4
2017,ירושלים,338,30.60,24,55922,14.7,10.2
2017,ירכא,7,45.80,24,1151,11.3,14.0
2017,כאבול,..,60.60,28,585,13.0,16.8
2017,כאוכב אבו אל-היג'א,..,73.30,26,234,19.3,25.1
2017,כוכב יאיר,..,84.20,0,0,59.5,14.8
2017,כסיפה,4,50,26,1637,10.2,10.8
2017,כסרא-סמיע,..,59.30,20,427,12.4,12.8
2017,כעביה-טבאש-חג'אג'רה,..,50,28,359,11.3,12.2
2017,כפר ברא,..,54,0,0,13.5,11.8
2017,כפר ורדים,..,85,22,372,54.6,11.6
2017,כפר יאסיף,..,52.40,30,545,19.2,15.3
2017,כפר יונה,..,60.50,29,736,33.3,9.5
2017,כפר כמא,..,53.70,0,0,19.2,26.6
2017,כפר כנא,5,50,27,1585,9.4,14.2
2017,כפר מנדא,3,54.20,27,1220,9.6,9.4
2017,כפר סבא,13,72.10,26,4315,44.4,14.5
2017,כפר קאסם,4,50.60,26,1535,10.7,13.9
2017,כפר קרע,6,54.20,26,1181,16.8,12.5
2017,כפר שמריהו,..,..,0,0,44.9,19.0
2017,כפר תבור,..,84.40,0,0,50.8,14.5
2017,כרמיאל,11,63,20,1938,20.0,12.8
2017,להבים,..,89,0,0,69.1,20.1
2017,לוד,18,40.80,24,4236,9.6,9.1
2017,לקיה,3,39.90,27,940,8.6,9.2
2017,מבשרת ציון,3,75.30,23,1097,40.3,16.0
2017,מגאר,4,49.50,24,1140,11.9,14.5
2017,מג'ד אל-כרום,7,54.20,21,1067,8.6,14.3
2017,מגדל,..,..,0,0,18.9,11.2
2017,מגדל העמק,8,41.90,21,1325,11.6,7.9
2017,מג'דל שמס,..,68.80,29,542,6.1,18.8
2017,מודיעין עילית,34,1.10,34,4898,3.2,2.2
2017,מודיעין-מכבים-רעות*,15,86,27,5230,52.3,15.5
2017,מזכרת בתיה,..,86.20,28,653,50.9,15.6
2017,מזרעה,..,59.30,0,0,8.8,14.0
2017,מטולה,..,..,0,0,38.0,16.0
2017,מיתר,..,88.80,29,432,60.7,13.2
2017,מסעדה,..,55.60,25,401,4.1,13.8
2017,מעיליא,..,94.10,26,359,27.1,27.6
2017,מעלה אדומים,8,69.30,22,2050,22.2,15.5
2017,מעלה אפרים,..,..,14,115,15.0,8.2
2017,מעלה עירון,..,40,28,788,9.6,11.1
2017,מעלות-תרשיחא,4,57.60,22,969,16.2,12.5
2017,מצפה רמון,..,49,24,339,20.5,8.8
2017,משהד,3,49.30,24,670,9.4,15.4
2017,נהרייה,8,56.80,25,1948,20.6,12.2
2017,נחף,3,48.30,22,822,11.1,16.4
2017,נס ציונה,7,79.30,27,1800,47.4,15.4
2017,נצרת,23,49.60,25,6468,13.0,14.6
2017,נצרת עילית,5,58.30,22,966,15.4,13.4
2017,נשר,..,63.10,25,592,27.7,18.8
2017,נתיבות,14,38,22,1551,12.2,9.4
2017,נתניה,29,54.90,25,7846,20.5,12.5
2017,סאג'ור,..,46.80,20,163,14.8,15.2
2017,סביון*,..,89.20,0,0,51.2,21.4
2017,סח'נין,5,49.20,28,1901,14.0,17.7
2017,ע'ג'ר,..,55.60,23,136,8.9,15.0
2017,עומר,..,83.30,31,376,59.6,16.5
2017,עיילבון,..,60.40,37,292,19.8,17.6
2017,עילוט,..,26.40,25,376,2.1,6.6
2017,עין מאהל,3,30.10,29,904,7.7,10.3
2017,עין קנייא,..,..,0,0,4.0,22.4
2017,עכו,12,49.90,20,2339,11.5,11.9
2017,עמנואל,..,14.30,21,82,4.4,3.1
2017,עספיא,..,70.40,24,542,12.8,14.0
2017,עפולה,9,46.60,21,1898,14.6,11.6
2017,עראבה,5,53.60,25,1454,14.8,15.1
2017,ערד,5,44.10,27,954,11.7,5.0
2017,ערערה,..,52,25,966,13.2,10.1
2017,ערערה-בנגב,4,17.60,23,1339,6.9,6.5
2017,פוריידיס,4,43.20,26,773,7.6,8.0
2017,פסוטה,..,78,0,0,23.1,27.4
2017,פקיעין (בוקייעה),..,81.90,24,236,18.3,18.3
2017,פרדס חנה-כרכור,7,65,18,1064,38.1,8.9
2017,פרדסייה,..,86.30,0,0,45.0,15.2
2017,פתח תקווה,49,65,24,10573,30.4,15.0
2017,צפת,14,33,24,2020,13.5,10.8
2017,קדומים,..,73.30,21,457,52.3,19.4
2017,קדימה-צורן,..,79.10,35,312,47.4,11.2
2017,קלנסווה,4,45.10,29,1381,10.3,13.5
2017,קצרין,..,51.40,21,575,16.0,17.4
2017,קריית אונו,3,85.20,29,1775,54.2,18.5
2017,קריית ארבע,..,55.80,19,428,24.4,21.6
2017,קריית אתא,8,59,21,1771,18.5,11.5
2017,קריית ביאליק,..,56.20,22,1314,23.5,10.8
2017,קריית גת,12,49.20,22,2336,11.4,8.9
2017,קריית טבעון,3,78.90,21,812,53.2,14.0
2017,קריית ים,3,47.10,23,925,11.9,9.9
2017,קריית יערים,..,8.80,31,278,13.2,8.7
2017,קריית מוצקין,4,63.60,27,1646,26.5,12.5
2017,קריית מלאכי,7,56.20,19,902,9.0,8.7
2017,קריית עקרון,..,70.50,28,167,13.9,9.1
2017,קריית שמונה,6,52.40,20,878,13.2,19.8
2017,קרני שומרון,..,67.60,28,255,33.6,17.6
2017,ראמה,3,64.70,25,929,19.4,18.8
2017,ראש העין,6,69.60,24,1678,30.6,12.4
2017,ראש פינה,..,59.70,0,0,35.9,13.5
2017,ראשון לציון,30,71.10,26,9801,24.3,15.6
2017,רהט,10,37.10,26,3503,6.6,7.6
2017,רחובות,26,63.30,25,5642,36.2,14.9
2017,ריינה,3,42.10,30,1113,7.5,11.3
2017,רכסים,8,4.80,20,761,7.2,4.4
2017,רמלה,14,44.50,21,3343,7.3,8.8
2017,רמת גן,15,78.60,30,6376,39.1,19.1
2017,רמת השרון,5,76.20,28,2820,53.3,17.1
2017,רמת ישי,..,71.70,0,0,48.8,13.0
2017,רעננה,13,79.60,25,3657,42.3,18.1
2017,שבלי - אום אל-גנם,..,41.50,24,342,9.8,13.5
2017,שגב-שלום,3,40.30,28,1268,6.2,4.9
2017,שדרות,4,61.10,18,660,14.7,13.0
2017,שוהם,..,86.60,30,1277,57.0,20.0
2017,שלומי,..,53.50,19,113,13.5,5.1
2017,שעב,..,49.60,25,329,8.5,14.4
2017,שפרעם,9,49.40,25,2259,9.7,11.9
2017,תל אביב -יפו,64,65,22,13032,41.1,20.8
2017,תל מונד,..,84.10,32,926,51.3,13.6
2017,תל שבע,5,22.20,27,1195,6.3,7.5
2016,אבו גוש,3,35.80,16.0,377,10.0,20.8
2016,אבו סנאן,3,39.20,24.0,661,11.0,10.2
2016,אבן יהודה,4,71.70,29.0,1293,53.8,13.1
2016,אום אל-פחם,11,32.40,25.2,3729,7.3,10.5
2016,אופקים,10,34.80,20.84,1396,9.6,6.8
2016,אור יהודה,7,48.50,20.7,1159,12.0,12.4
2016,אור עקיבא,6,60.20,20.21,788,11.6,9.1
2016,אורנית,..,78.80,0.0,0,45.8,16.8
2016,אזור,..,49.10,0.0,0,19.9,11.4
2016,אילת,7,57.40,20.72,1844,10.2,6.7
2016,אכסאל,4,42.80,24.0,927,11.8,10.3
2016,אליכין,..,56,0.0,0,25.7,14.2
2016,אלעד,27,19.70,26.07,2763,10.7,5.9
2016,אלפי מנשה,..,64.90,0.0,0,34.6,11.2
2016,אלקנה,..,94.40,28.0,365,66.2,52.9
2016,אעבלין,4,54.50,25.0,1339,11.4,15.1
2016,אפרת,3,85,22.0,713,43.6,24.1
2016,אריאל,..,61.40,23.8,476,20.9,41.8
2016,אשדוד,49,48.50,23.93,11461,13.4,11.1
2016,אשקלון,20,61,25.29,4704,17.2,11.9
2016,באקה אל-גרביה,7,40.50,26.26,2521,11.1,15.4
2016,באר יעקב,5,41.80,22.0,1163,31.0,7.9
2016,באר שבע,32,52,23.55,8313,19.3,15.6
2016,בועיינה-נוג'ידאת,..,37.80,28.0,653,9.6,14.9
2016,בוקעאתא,..,44.20,26.0,129,5.2,11.7
2016,ביר אל-מכסור,..,32.40,30.0,541,6.4,7.6
2016,בית אל,4,59.10,24.0,905,44.2,20.7
2016,בית אריה,..,66.70,0.0,0,28.0,11.3
2016,בית ג'ן,..,59.30,27.0,636,14.9,15.1
2016,בית דגן,..,68.20,0.0,0,23.9,14.0
2016,בית שאן,5,31.30,17.35,746,11.7,10.2
2016,בית שמש,49,27.20,23.38,6055,10.1,8.6
2016,ביתר עילית,31,3.90,27.03,3325,4.9,5.3
2016,בני ברק,100,5.80,27.72,16384,6.3,2.7
2016,"בני עי""ש",..,55.70,0.0,0,10.6,10.9
2016,בנימינה-גבעת עדה*,..,79.60,25.0,784,58.4,10.4
2016,"בסמ""ה",..,48.20,26.0,687,10.9,13.3
2016,בסמת טבעון,..,38.50,33.0,333,7.7,10.2
2016,בענה,..,53.20,27.0,672,7.3,16.2
2016,בת ים,17,53.40,22.86,3726,8.9,9.2
2016,גבעת זאב,..,37.80,5.0,5,22.4,12.2
2016,גבעת שמואל,..,80.30,29.83,537,56.8,30.2
2016,גבעתיים,5,84.90,28.9,2428,52.2,20.0
2016,ג'דיידה-מכר,4,57.70,28.0,1109,8.5,12.2
2016,גדרה,6,70.90,26.0,1571,40.4,11.3
2016,ג'ולס,..,44,26.0,306,17.3,16.3
2016,ג'לג'וליה,..,57.50,33.0,490,9.0,14.3
2016,גן יבנה,3,71.90,26.0,1118,30.3,13.2
2016,גני תקווה,..,75.10,15.0,59,51.1,17.2
2016,ג'סר א-זרקא,..,15.70,28.0,704,1.9,3.9
2016,ג'ש (גוש חלב),..,66,22.0,172,23.5,23.4
2016,ג'ת,..,56,0.0,0,20.8,24.4
2016,דאלית אל-כרמל,..,51.50,23.0,644,13.2,14.3
2016,דבורייה,..,59.70,28.0,644,14.3,18.2
2016,דייר אל-אסד,..,62.20,27.0,505,12.0,14.4
2016,דייר חנא,..,75.80,30.0,476,13.7,16.0
2016,דימונה,10,50.60,21.57,1661,10.1,7.2
2016,הוד השרון,6,82.60,27.74,2608,51.9,15.3
2016,הר אדר,..,84.20,0.0,0,57.5,15.1
2016,הרצלייה,10,70.90,25.85,3386,41.7,18.8
2016,זכרון יעקב,6,67.30,25.0,1586,50.7,13.2
2016,זמר,..,45.50,34.0,686,11.4,15.8
2016,זרזיר,..,41.80,28.0,388,8.4,9.1
2016,חדרה,20,48.20,23.54,3719,20.1,9.5
2016,חולון,20,62.30,24.57,6242,19.9,14.0
2016,חורה,7,43.10,24.0,1678,9.5,10.6
2016,חורפיש,..,62.60,25.0,345,20.0,20.7
2016,חיפה,46,62,25.16,12150,31.9,22.6
2016,חצור הגלילית,4,34.50,25.0,802,12.0,7.8
2016,חריש,..,..,0.0,0,31.9,9.3
2016,טבריה,15,36.70,21.79,2593,8.6,8.7
2016,טובא-זנגרייה,..,28.10,25.0,278,5.7,7.8
2016,טורעאן,..,63,33.0,587,13.2,16.0
2016,טייבה,3,51.10,32.99,2441,11.9,16.3
2016,טירה,7,45.80,24.39,1512,14.6,16.9
2016,טירת כרמל,3,56.80,20.04,561,12.2,8.9
2016,טמרה,9,43.30,24.23,2084,10.0,15.9
2016,יאנוח-ג'ת,..,50.50,24.0,289,14.8,14.4
2016,יבנאל,..,30,12.0,96,14.9,5.8
2016,יבנה,7,63.40,24.19,1306,26.2,12.9
2016,יהוד,3,62.80,27.33,1831,33.3,14.7
2016,יסוד המעלה,..,..,0.0,0,44.4,8.3
2016,יפיע,4,51.10,24.0,1025,10.4,16.7
2016,יקנעם עילית,..,64.20,26.15,706,35.8,10.7
2016,ירוחם,3,45.20,22.0,436,18.0,10.4
2016,ירושלים,335,31.80,24.06,55480,14.7,10.2
2016,ירכא,7,51.30,25.0,1027,11.3,14.0
2016,כאבול,..,61,27.0,566,13.0,16.8
2016,כאוכב אבו אל-היג'א,..,81.40,24.0,213,19.3,25.1
2016,כוכב יאיר,..,85.90,0.0,0,59.5,14.8
2016,כסיפה,4,38.20,26.0,1656,10.2,10.8
2016,כסרא-סמיע,..,43,20.0,424,12.4,12.8
2016,כעביה-טבאש-חג'אג'רה,..,47,28.0,330,11.3,12.2
2016,כפר ברא,..,42.50,0.0,0,13.5,11.8
2016,כפר ורדים,..,82.40,21.0,362,54.6,11.6
2016,כפר יאסיף,..,63.10,30.0,503,19.2,15.3
2016,כפר יונה,..,57.40,29.17,671,33.3,9.5
2016,כפר כמא,..,59.30,0.0,0,19.2,26.6
2016,כפר כנא,5,49.50,29.0,1473,9.4,14.2
2016,כפר מנדא,3,48.80,28.0,1123,9.6,9.4
2016,כפר סבא,13,73.70,25.98,4521,44.4,14.5
2016,כפר קאסם,4,46.60,26.6,1516,10.7,13.9
2016,כפר קרע,6,53.50,26.0,1109,16.8,12.5
2016,כפר שמריהו,..,..,0.0,0,44.9,19.0
2016,כפר תבור,..,79.70,0.0,0,50.8,14.5
2016,כרמיאל,11,60.70,21.21,1951,20.0,12.8
2016,להבים,..,82.90,0.0,0,69.1,20.1
2016,לוד,18,38.60,25.93,4175,9.6,9.1
2016,לקיה,3,33.10,29.0,971,8.6,9.2
2016,מבשרת ציון,3,68.50,25.0,1136,40.3,16.0
2016,מגאר,4,45,23.0,1131,11.9,14.5
2016,מג'ד אל-כרום,7,61.60,23.0,1083,8.6,14.3
2016,מגדל,..,..,0.0,0,18.9,11.2
2016,מגדל העמק,7,38.40,20.93,1277,11.6,7.9
2016,מג'דל שמס,..,56.80,29.0,498,6.1,18.8
2016,מודיעין עילית,32,0.70,31.36,4484,3.2,2.2
2016,מודיעין-מכבים-רעות*,14,85.10,26.59,4999,52.3,15.5
2016,מזכרת בתיה,..,78.90,28.0,582,50.9,15.6
2016,מזרעה,..,57.40,0.0,0,8.8,14.0
2016,מטולה,..,..,0.0,0,38.0,16.0
2016,מיתר,..,75.50,29.0,293,60.7,13.2
2016,מסעדה,..,38.30,26.0,517,4.1,13.8
2016,מעיליא,..,82.50,24.0,358,27.1,27.6
2016,מעלה אדומים,8,65,22.91,2016,22.2,15.5
2016,מעלה אפרים,..,..,14.0,127,15.0,8.2
2016,מעלה עירון,..,45.80,27.0,703,9.6,11.1
2016,מעלות-תרשיחא,4,55.10,21.14,930,16.2,12.5
2016,מצפה רמון,..,53.80,25.0,346,20.5,8.8
2016,משהד,3,53.60,24.0,664,9.4,15.4
2016,נהרייה,8,61,24.18,1910,20.6,12.2
2016,נחף,3,43.20,23.0,820,11.1,16.4
2016,נס ציונה,5,83.60,26.57,1674,47.4,15.4
2016,נצרת,24,42.40,24.97,6541,13.0,14.6
2016,נצרת עילית,5,53.50,21.57,992,15.4,13.4
2016,נשר,..,70.20,24.75,594,27.7,18.8
2016,נתיבות,14,36.80,21.17,1482,12.2,9.4
2016,נתניה,27,52.40,25.0,7774,20.5,12.5
2016,סאג'ור,..,34.40,22.0,153,14.8,15.2
2016,סביון*,..,85.70,0.0,0,51.2,21.4
2016,סח'נין,5,56.70,28.25,1921,14.0,17.7
2016,ע'ג'ר,..,64.90,20.0,120,8.9,15.0
2016,עומר,..,78.40,33.0,493,59.6,16.5
2016,עיילבון,..,37.90,34.0,304,19.8,17.6
2016,עילוט,..,25.80,25.0,379,2.1,6.6
2016,עין מאהל,..,37.40,27.0,829,7.7,10.3
2016,עין קנייא,..,..,0.0,0,4.0,22.4
2016,עכו,12,42.50,20.79,2391,11.5,11.9
2016,עמנואל,..,6.70,18.0,73,4.4,3.1
2016,עספיא,..,61.60,22.0,454,12.8,14.0
2016,עפולה,9,44.60,21.04,1873,14.6,11.6
2016,עראבה,4,54.60,24.64,1380,14.8,15.1
2016,ערד,4,52.10,27.75,888,11.7,5.0
2016,ערערה,..,52.60,27.0,957,13.2,10.1
2016,ערערה-בנגב,4,17.90,23.0,1360,6.9,6.5
2016,פוריידיס,3,31.60,26.0,715,7.6,8.0
2016,פסוטה,..,72.70,0.0,0,23.1,27.4
2016,פקיעין (בוקייעה),..,71.80,23.0,225,18.3,18.3
2016,פרדס חנה-כרכור,7,56.30,17.0,997,38.1,8.9
2016,פרדסייה,..,73.70,0.0,0,45.0,15.2
2016,פתח תקווה,46,63.90,24.85,10287,30.4,15.0
2016,צפת,14,28.10,24.94,2145,13.5,10.8
2016,קדומים,..,78.20,20.0,511,52.3,19.4
2016,קדימה-צורן,..,77.90,0.0,0,47.4,11.2
2016,קלנסווה,4,35.20,31.86,1370,10.3,13.5
2016,קצרין,..,56.50,20.0,544,16.0,17.4
2016,קריית אונו,3,82,28.42,1762,54.2,18.5
2016,קריית ארבע,..,56.90,21.0,478,24.4,21.6
2016,קריית אתא,8,47.70,21.61,1772,18.5,11.5
2016,קריית ביאליק,..,57.20,21.37,1218,23.5,10.8
2016,קריית גת,10,49.60,23.45,2275,11.4,8.9
2016,קריית טבעון,3,71.20,21.0,814,53.2,14.0
2016,קריית ים,3,45.60,23.46,868,11.9,9.9
2016,קריית יערים,3,4.50,27.0,301,13.2,8.7
2016,קריית מוצקין,4,51.80,26.95,1644,26.5,12.5
2016,קריית מלאכי,7,52.20,19.6,980,9.0,8.7
2016,קריית עקרון,..,53,29.0,172,13.9,9.1
2016,קריית שמונה,5,47.80,20.23,890,13.2,19.8
2016,קרני שומרון,..,60.90,27.0,242,33.6,17.6
2016,ראמה,3,62.20,25.0,908,19.4,18.8
2016,ראש העין,6,67.80,25.47,1732,30.6,12.4
2016,ראש פינה,..,48.70,0.0,0,35.9,13.5
2016,ראשון לציון,29,65.70,25.66,9802,24.3,15.6
2016,רהט,8,29.40,25.46,3462,6.6,7.6
2016,רחובות,25,61,24.57,5553,36.2,14.9
2016,ריינה,3,37.90,31.0,1093,7.5,11.3
2016,רכסים,7,6.30,22.0,761,7.2,4.4
2016,רמלה,15,37.60,22.05,3373,7.3,8.8
2016,רמת גן,14,76.70,29.43,6357,39.1,19.1
2016,רמת השרון,5,75.40,28.1,2866,53.3,17.1
2016,רמת ישי,..,67.30,0.0,0,48.8,13.0
2016,רעננה,14,81.30,25.61,3637,42.3,18.1
2016,שבלי - אום אל-גנם,..,50.40,26.0,334,9.8,13.5
2016,שגב-שלום,..,27,28.0,1145,6.2,4.9
2016,שדרות,4,61.20,19.23,577,14.7,13.0
2016,שוהם,..,87.60,30.0,1286,57.0,20.0
2016,שלומי,..,58.90,20.0,101,13.5,5.1
2016,שעב,..,52.30,25.0,329,8.5,14.4
2016,שפרעם,9,41.20,25.11,2385,9.7,11.9
2016,תל אביב -יפו,64,65.40,22.87,13037,41.1,20.8
2016,תל מונד,..,84.30,33.0,1026,51.3,13.6
2016,תל שבע,5,25.90,26.0,1120,6.3,7.5
