year,city,number_of_self_employees,number_of_employees,employees_average_monthly_wage,employees_average_monthly_wage_change_in_percent,self_employees_average_monthly_wage,self_employees_average_monthly_wage_change_in_percent
2019,אבו גוש,151,3393,7294.03,1.35,10064.79,-7.67
2019,אבו סנאן,626,5841,7071.17,1.95,8456.8,-0.75
2019,אבן יהודה,899,6265,14054.0,1.58,12517.09,-1.72
2019,אום אל-פחם,1918,22149,5869.82,1.16,8883.18,-0.83
2019,אופקים,295,3342,9398.05,0.38,11301.74,-1.31
2019,אור יהודה,1920,18941,8953.88,4.59,10284.18,1.14
2019,אור עקיבא,789,9833,8315.83,2.06,8808.06,0.0
2019,אורנית,581,4247,13425.2,0.92,11520.67,-0.24
2019,אזור,753,6085,10266.17,4.06,11943.17,0.85
2019,אילת,2888,33651,8745.44,3.33,11275.76,0.64
2019,איתן,263,3859,11181.7,1.5,12566.3,5.17
2019,אכסאל,726,5889,6840.92,1.05,10688.76,-2.06
2019,אליכין,281,4400,12479.68,-0.43,13126.48,-1.29
2019,אלעד,1166,14571,6518.74,0.69,8054.14,-1.65
2019,אלפי מנשה,455,4007,12265.49,1.07,12668.36,4.43
2019,אלקנה,145,1985,12268.21,-0.17,13370.67,-3.42
2019,אעבלין,503,5497,6617.76,1.59,7890.89,-5.44
2019,אפרת,410,5092,10598.02,2.35,14743.35,7.58
2019,אריאל,657,10596,9670.02,2.89,9951.24,3.95
2019,אשבול,1131,7825,9265.96,3.43,9376.08,2.74
2019,אשדוד,7454,109476,8922.5,1.91,9738.22,0.97
2019,אשקלון,5044,69453,8847.26,2.83,9777.04,0.85
2019,באקה אל-גרביה,1452,15273,7172.39,2.38,9399.45,-1.44
2019,באר יעקב,1032,10789,12107.93,3.23,12913.09,2.67
2019,באר שבע,6013,109665,9546.31,2.57,10497.27,4.05
2019,בועיינה-נוג'ידאת,253,4498,6057.05,1.64,8578.53,0.81
2019,בוקעאתא,341,2813,5807.57,3.04,7291.52,3.76
2019,ביר אל-מכסור,224,4169,6455.2,1.3,8204.48,-7.89
2019,בית אל,138,2932,7988.32,5.14,8690.79,1.17
2019,בית אריה-עופרים,249,2574,11357.39,1.58,13528.3,9.83
2019,בית ג'ן,400,5839,7593.13,0.64,6678.4,8.11
2019,בית דגן,394,3562,10489.59,2.13,11801.08,-0.04
2019,בית ניר,2974,18530,12572.02,2.31,11714.58,1.57
2019,בית שאן,610,10402,8107.6,4.16,10003.22,2.75
2019,בית שמש,2954,38535,7298.78,2.34,8825.37,-0.88
2019,ביתר עילית,1042,16188,5314.51,1.75,7135.22,-3.88
2019,בני ברק,4289,65137,6468.88,2.69,8596.71,-0.29
2019,"בני עי""ש",215,3968,8419.18,1.77,8541.01,11.31
2019,בנימינה-גבעת עדה*,936,6698,13951.21,2.03,13009.55,-1.29
2019,"בסמ""ה",312,4270,6175.78,0.26,8476.05,-0.83
2019,בסמת טבעון,225,3583,6491.08,0.62,8308.44,-7.58
2019,בענה,205,2240,5702.54,5.72,9845.0,6.74
2019,בת ים,5872,68837,8233.33,3.31,9190.45,1.1
2019,בת שלמה,1504,10885,11492.93,1.91,12712.99,-3.0
2019,גבעת זאב,715,7545,9420.65,2.32,9998.48,-1.95
2019,גבעת שמואל,1160,11980,13311.35,2.59,13834.31,-4.23
2019,גבעתיים,3601,28542,14052.98,3.34,13301.28,0.28
2019,גדות,347,3813,12623.77,-0.18,12134.39,3.99
2019,ג'דיידה-מכר,731,9662,6258.65,2.52,9194.24,-1.6
2019,גדרה,1070,12168,11726.32,1.04,11496.27,-1.21
2019,ג'ולס,197,3212,8365.49,0.36,6014.9,1.51
2019,ג'לג'וליה,383,4300,5829.96,2.46,8300.37,5.77
2019,גן יבנה,1002,11992,11358.82,0.58,11066.32,-1.77
2019,גן שמואל,1533,18064,10332.01,2.14,10690.12,2.88
2019,גני תקווה,1052,8754,14415.26,3.16,14689.08,-5.02
2019,ג'סר א-זרקא,132,7136,5766.84,2.15,8671.52,15.1
2019,גפן,458,4700,9724.01,2.48,11138.29,-6.22
2019,ג'ש (גוש חלב),221,1501,8899.89,0.54,10272.32,-9.33
2019,ג'ת,347,2960,8069.11,3.93,8540.55,1.73
2019,דאלית אל-כרמל,1108,9672,8106.3,0.86,8076.78,0.09
2019,דבורייה,511,4664,7037.56,0.14,9065.55,-6.24
2019,דייר אל-אסד,315,3404,7697.75,8.97,9966.83,6.41
2019,דייר חנא,366,4910,6896.15,1.86,8727.62,-0.07
2019,דימונה,835,19341,9563.13,1.52,9706.25,2.52
2019,הוד השרון,3632,28596,13867.6,2.09,13441.11,2.0
2019,הר אדר,225,1897,13956.9,-3.04,14682.12,-4.45
2019,הרצלייה,5978,45920,12760.05,3.46,12581.19,3.34
2019,זכרון יעקב,1287,10388,13301.36,-0.61,11749.29,2.32
2019,זמר,347,2983,7133.98,2.0,8180.14,-0.59
2019,זרזיר,177,3687,6512.98,1.17,9997.61,7.07
2019,חדרה,4157,48802,9439.26,2.51,9712.55,0.6
2019,חולון,9984,96404,10046.35,3.2,10748.69,2.53
2019,חורה,273,5382,6088.76,-2.6,11015.72,17.56
2019,חורפיש,278,2809,8486.62,-0.7,6947.71,17.39
2019,חיפה,11621,137442,10798.16,2.96,11029.11,-0.47
2019,חצבה,446,5278,11100.11,1.26,10145.67,-2.35
2019,חצור הגלילית,352,5046,7823.19,1.98,8460.28,-4.11
2019,חריש,376,4473,9224.82,-0.59,8395.07,-6.16
2019,טבריה,1742,22350,7508.23,5.68,8512.48,4.43
2019,טובא-זנגרייה,151,3008,6124.82,-1.14,9031.91,-8.31
2019,טורעאן,652,5665,6393.03,0.97,10839.02,-8.38
2019,טייבה,1763,19364,6533.4,3.63,8478.28,0.14
2019,טירה,1163,11392,6984.08,1.04,8720.55,0.44
2019,טירת כרמל,750,11760,9024.84,5.86,8893.37,-3.19
2019,טמרה,1177,14717,6122.47,1.59,9353.4,-2.74
2019,יאנוח-ג'ת,204,3093,7991.74,1.86,7102.5,-0.58
2019,יבנאל,208,1481,7167.92,2.69,7360.1,-1.67
2019,יבנה,1944,23260,10496.54,3.43,11591.36,1.66
2019,יהוד,1645,15374,11837.49,2.9,12343.53,0.16
2019,יסוד המעלה,176,2449,10914.55,0.73,12796.62,-6.24
2019,יפיע,695,8210,6442.32,2.09,9490.9,1.73
2019,יקנעם עילית,699,11956,11690.85,2.87,11418.72,-1.49
2019,ירוחם,213,5090,8686.85,2.81,8920.95,2.86
2019,ירושלים,27472,331224,7990.49,2.82,9618.77,0.35
2019,ירכא,709,7149,7084.69,1.25,8040.71,-7.73
2019,כאבול,407,5172,6669.41,1.65,7816.33,-0.13
2019,כאוכב אבו אל-היג'א,120,1466,7426.09,3.67,7410.32,-11.26
2019,כוכב יאיר,716,5843,13721.87,1.2,14559.47,-2.12
2019,כסיפה,144,4982,6198.66,0.95,10762.61,13.57
2019,כסרא-סמיע,289,3690,8243.97,2.57,6726.08,-7.19
2019,כעביה-טבאש-חג'אג'רה,120,2394,6668.37,2.38,7325.77,-14.87
2019,כפר ברא,180,1563,6887.62,3.16,10032.21,5.49
2019,כפר גלעדי,816,9885,9653.99,2.92,10901.17,2.26
2019,כפר ורדים,336,2833,13490.73,0.91,9758.0,-0.1
2019,כפר יאסיף,629,4764,7263.71,0.59,8592.23,0.93
2019,כפר יונה,1231,10873,11320.79,2.64,11976.82,4.79
2019,כפר כמא,133,1670,9045.25,3.09,9562.28,2.71
2019,כפר כנא,796,9233,5824.63,0.15,9256.89,-2.54
2019,כפר מנדא,693,7650,5390.65,0.43,10194.13,4.63
2019,כפר סבא,5513,49314,12686.89,1.92,12260.36,-0.43
2019,כפר קאסם,1059,10295,6392.22,1.07,8338.99,1.66
2019,כפר קרע,823,8917,7506.78,1.19,9286.05,2.52
2019,כפר שמריהו,148,767,16403.42,3.46,17746.87,28.81
2019,כפר תבור,255,2164,12758.01,1.44,13128.45,0.28
2019,כרמיאל,1637,24388,9448.67,2.95,8967.3,-1.91
2019,להבים,249,3353,16035.35,1.46,17340.05,-1.46
2019,לוד,2255,37492,8088.01,4.22,9187.96,1.7
2019,לוזית,1302,4977,10169.04,0.07,9955.4,-2.15
2019,לקיה,173,4327,5947.31,0.04,9789.11,-10.37
2019,מבשרת ציון,1318,12907,12147.89,0.94,12561.41,-0.71
2019,מגאר,888,10043,7065.69,2.1,8512.63,-3.19
2019,מג'ד אל-כרום,810,10924,6141.86,0.1,9098.21,-1.42
2019,מגדל,178,3226,6077.05,0.18,7924.66,-22.13
2019,מגדל העמק,729,13679,8065.23,3.08,8855.71,3.36
2019,מג'דל שמס,863,4718,5573.21,2.03,7824.47,1.4
2019,מודיעין עילית,1173,14467,5092.41,1.71,5868.17,-4.01
2019,מודיעין-מכבים-רעות*,3874,43770,14092.2,1.23,13282.52,-1.42
2019,מזכרת בתיה,443,3452,13397.33,2.47,12445.85,12.35
2019,מזרעה,167,1994,6753.67,0.6,7429.35,-10.24
2019,מטולה,110,943,9523.49,5.51,10704.98,0.91
2019,מיתר,374,4869,15289.65,1.81,13070.84,-5.07
2019,מנחמיה,274,2956,10446.6,0.03,11624.98,-1.07
2019,מסעדה,271,1527,5601.18,1.27,7138.17,-2.59
2019,מעיליא,167,1576,9671.43,1.3,10387.55,-6.87
2019,מעלה אדומים,1209,20374,9957.08,2.81,10434.76,-2.29
2019,מעלה אפרים,44,768,8003.64,3.84,7052.35,-6.82
2019,מעלה עירון,492,6297,6037.92,-0.41,9803.62,3.12
2019,מעלות-תרשיחא,751,11594,8774.8,1.67,9574.36,-2.27
2019,מצפה רמון,200,2711,7769.81,1.56,9664.57,4.53
2019,מרחביה (קיבוץ),250,3537,6869.36,-0.22,9232.25,-7.14
2019,משהד,276,3155,6007.4,0.21,9458.33,-8.88
2019,נהרייה,2276,29907,9912.39,2.55,10994.92,1.87
2019,נוגה,689,3553,9865.47,1.64,8882.05,-4.43
2019,נועם,1880,13278,12543.37,3.67,11526.45,-0.33
2019,נוף הגליל,1291,22440,8107.28,1.89,9345.65,-1.28
2019,נחף,452,5353,6226.32,-0.57,7759.81,0.13
2019,ניר עוז,99,2164,5576.91,1.7,9650.45,-5.52
2019,נס ציונה,2207,22094,13332.96,0.66,13096.98,0.13
2019,נצרת,3356,36034,6959.33,2.52,9595.69,-4.03
2019,נשר,915,12525,11110.01,3.32,10847.47,6.69
2019,נתיבות,1011,16311,7393.7,4.03,9807.3,-1.15
2019,נתניה,9814,103655,9293.14,3.23,10137.89,2.33
2019,סאג'ור,144,2066,7987.95,2.3,6161.46,-2.19
2019,סביון*,253,1776,17104.62,-0.24,16091.84,-5.87
2019,סח'נין,1291,14687,6711.56,1.49,8628.04,-3.95
2019,ע'ג'ר,77,1176,7020.31,1.48,8311.64,18.7
2019,עומר,402,4027,15739.48,-3.06,14222.79,-8.6
2019,עוצם,348,2314,14165.7,1.31,11587.26,-2.85
2019,עיילבון,245,2648,8281.39,1.42,9176.8,2.04
2019,עילוט,255,3070,5809.17,0.25,11325.61,-5.75
2019,עין הוד,66,941,10137.05,1.8,10218.98,-20.61
2019,עין מאהל,332,5837,5646.35,-0.24,7514.45,-8.7
2019,עין קנייא,120,927,6121.08,2.38,6860.52,-3.87
2019,עכו,1674,25456,7907.22,2.34,9746.57,2.27
2019,עמנואל,90,1449,5541.34,4.91,5822.56,14.11
2019,עספיא,418,4446,8509.35,6.13,7275.92,-8.03
2019,עפולה,1718,26295,8450.4,2.47,9626.77,0.67
2019,עראבה,939,10326,6558.36,0.1,10098.81,-0.21
2019,ערד,926,13539,7962.25,-0.72,7826.32,-3.68
2019,ערערה,661,8909,6843.41,0.98,8044.27,-3.1
2019,ערערה-בנגב,157,4822,5924.15,-2.78,10246.82,-11.39
2019,עתלית,101,1753,9579.13,4.12,12128.76,21.58
2019,פוריידיס,454,6156,6400.28,2.63,8431.06,2.22
2019,פסוטה,223,1618,8581.73,1.86,9459.17,-5.44
2019,פקיעין (בוקייעה),365,2597,8086.83,1.56,7702.11,2.64
2019,פרדס חנה-כרכור,2528,18680,10824.85,3.02,10337.8,-2.26
2019,פרדסייה,416,3504,12905.72,2.56,11115.36,-1.58
2019,פתח תקווה,10411,122522,10999.69,2.69,11831.51,3.55
2019,צפת,1191,14790,6750.82,3.88,8167.45,4.36
2019,קדומים,161,2129,9101.69,-2.34,9843.3,-10.6
2019,קדימה-צורן,1334,11192,12692.31,2.44,12930.46,0.04
2019,קלנסווה,880,9807,6808.0,1.47,8845.16,4.21
2019,קצרין,316,3961,7566.94,2.98,9956.11,11.95
2019,קריית אונו,1966,17445,14504.47,1.05,13912.59,2.62
2019,קריית ארבע,179,3531,7167.87,4.71,8464.45,-6.54
2019,קריית אתא,2062,29219,9523.33,3.6,9907.56,1.53
2019,קריית ביאליק,1450,20347,10037.94,2.57,10325.37,0.12
2019,קריית גת,1723,28136,7950.23,3.77,9860.69,0.86
2019,קריית טבעון,1024,7623,12598.1,1.66,10792.63,-1.67
2019,קריית ים,1262,20276,8485.43,2.81,8407.44,-0.5
2019,קריית יערים,192,1695,6692.15,3.73,8930.34,-14.72
2019,קריית מוצקין,1512,22267,10504.19,2.11,10954.21,5.46
2019,קריית מלאכי,819,12168,7396.29,4.95,9620.93,5.49
2019,קריית ענבים,186,3871,9235.5,3.24,9312.67,-4.94
2019,קריית עקרון,525,5946,8869.99,2.84,10314.06,3.59
2019,קריית שמונה,781,12637,8370.9,3.22,9574.72,0.38
2019,קרני שומרון,312,4159,9800.8,3.88,9259.16,2.21
2019,ראמה,413,3865,7972.82,1.11,8076.08,0.23
2019,ראש העין,2498,29013,11269.58,3.93,11079.51,-1.98
2019,ראש פינה,2757,24422,11161.36,2.4,11755.46,0.79
2019,ראשון לציון,12342,132966,11058.81,2.93,11758.47,-0.3
2019,רהט,986,22321,5751.36,1.69,10445.82,-6.34
2019,רחובות,5564,67200,11348.2,3.3,11873.43,5.88
2019,ריינה,612,6894,6323.53,0.5,9294.8,-2.16
2019,רכסים,257,3954,5740.25,1.64,6628.55,-2.73
2019,רמלה,2901,37716,8094.18,3.29,9922.78,0.02
2019,רמת גן,9427,78651,12339.15,4.08,12657.21,1.42
2019,רמת השרון,3155,20446,14348.31,-0.23,14330.95,4.66
2019,רמת ישי,350,3942,13145.61,3.22,12372.52,12.93
2019,רעננה,4786,36620,12925.76,2.46,13019.42,0.86
2019,שבלי - אום אל-גנם,246,2746,6707.98,0.64,10095.43,-0.06
2019,שגב-שלום,102,3209,5532.97,-0.87,9615.59,3.52
2019,שדה דוד,803,7940,10843.92,2.26,11559.56,-1.74
2019,שדה משה,1792,10294,12183.16,-0.27,11642.45,0.3
2019,שדות מיכה,452,3020,13635.12,4.15,12124.78,-1.17
2019,שדרות,843,13761,8424.61,4.1,10708.22,0.15
2019,שוהם,1030,11795,14543.86,1.66,14584.54,-1.87
2019,שחר,464,6160,9445.55,3.05,9634.41,-2.42
2019,שלומי,273,3424,9337.72,4.2,11004.43,-14.04
2019,שעב,227,3049,6097.51,3.98,8150.92,4.95
2019,שפרעם,1463,18800,7105.65,3.25,9125.57,-4.78
2019,תל אביב -יפו,32674,236408,12590.86,0.72,12756.82,-0.31
2019,תל מונד,817,6424,13787.64,1.87,13978.65,1.45
2019,תל שבע,212,5938,5288.02,-0.24,12196.38,-7.73
2018,אבו גוש,157,3327,7271.28,2.25,10385.0,16.01
2018,אבו סנאן,562,5621,6831.89,1.33,8302.72,6.94
2018,אבן יהודה,945,6366,14482.88,0.0,12087.38,-1.34
2018,אום אל-פחם,1845,20519,5851.76,2.73,8516.56,0.1
2018,אופקים,357,3391,10047.43,3.0,10730.33,10.88
2018,אור יהודה,1772,17634,8543.17,2.05,9751.84,0.32
2018,אור עקיבא,785,9868,8248.94,4.08,8441.28,0.03
2018,אורנית,605,4531,13915.11,2.41,11574.72,2.99
2018,אזור,739,6164,9806.46,1.55,11630.1,2.21
2018,אילת,2628,32310,8521.74,2.65,11024.9,2.56
2018,איתן,291,3983,11164.65,0.68,11220.63,-1.05
2018,אכסאל,689,5597,6828.04,1.18,10554.27,2.78
2018,אליכין,327,4756,12725.71,1.21,13196.9,1.11
2018,אלעד,1051,13514,6705.59,1.3,7795.3,3.26
2018,אלפי מנשה,506,4035,12645.69,0.75,11833.27,7.58
2018,אלקנה,163,1757,12224.48,1.57,15394.0,26.44
2018,אעבלין,510,5659,6609.76,1.28,8011.41,5.45
2018,אפרת,394,4855,10800.15,2.19,12864.78,-3.65
2018,אריאל,646,10180,9411.94,3.63,9233.26,5.35
2018,אשבול,1274,8061,9159.35,1.61,8398.6,-2.02
2018,אשדוד,7004,104387,8808.09,2.04,9046.12,-2.1
2018,אשקלון,4962,69761,8557.93,3.04,9088.04,0.63
2018,באקה אל-גרביה,1194,12021,6983.89,3.29,8922.36,0.13
2018,באר יעקב,1207,12488,12017.03,3.05,12356.32,4.61
2018,באר שבע,5324,100890,9136.27,1.48,9575.99,1.4
2018,בועיינה-נוג'ידאת,253,4118,6087.46,2.29,8151.57,-8.29
2018,בוקעאתא,370,2636,5680.2,-0.97,6200.54,-0.97
2018,ביר אל-מכסור,201,3833,6529.68,5.44,8643.92,-2.6
2018,בית אל,131,2424,7528.18,-1.23,8087.72,-1.04
2018,בית אריה,283,2669,11488.27,1.89,11628.7,3.78
2018,בית ג'ן,409,5595,7536.81,3.86,5945.03,-1.8
2018,בית דגן,380,3490,10534.09,0.18,11489.82,6.57
2018,בית ניר,3046,18069,12806.3,1.08,10856.85,1.97
2018,בית שאן,530,9789,7713.69,1.57,9144.47,1.65
2018,בית שמש,2714,36568,7163.27,1.11,8351.84,-2.49
2018,ביתר עילית,975,15374,5373.69,3.96,7131.08,3.6
2018,בני ברק,3663,59129,6223.99,2.28,7902.55,-0.85
2018,"בני עי""ש",199,3756,8241.85,1.69,7274.77,0.99
2018,בנימינה-גבעת עדה*,939,6830,14477.6,1.95,12721.8,5.97
2018,"בסמ""ה",318,4110,6236.52,3.48,7672.63,-3.2
2018,בסמת טבעון,239,3369,6583.85,4.84,8290.14,-1.78
2018,בענה,275,3498,5499.23,2.63,8649.66,4.25
2018,בת ים,5414,65946,7732.19,1.44,8453.68,3.01
2018,בת שלמה,1623,10625,11685.72,2.37,12013.69,-1.73
2018,גבעת זאב,702,7552,8953.35,0.7,9683.89,4.82
2018,גבעת שמואל,1181,11799,13281.64,0.47,14281.49,4.31
2018,גבעתיים,3504,29885,13304.26,0.5,12765.5,1.9
2018,גדות,386,3945,13390.07,1.78,12034.29,13.14
2018,ג'דיידה-מכר,670,9181,6229.07,3.48,8722.17,-4.76
2018,גדרה,1097,12285,12021.25,1.14,11738.79,2.2
2018,ג'ולס,189,3171,8235.71,1.59,5833.75,6.93
2018,ג'לג'וליה,369,4043,5782.65,4.62,7486.68,-1.38
2018,גן יבנה,1062,11878,11794.69,2.31,11173.18,0.87
2018,גן שמואל,1590,18640,10565.65,3.79,10019.73,1.83
2018,גני תקווה,1097,9374,14719.96,1.73,14381.86,0.64
2018,ג'סר א-זרקא,134,6311,5815.87,5.06,7100.28,-2.77
2018,גפן,475,4725,9664.73,1.1,9861.18,4.37
2018,ג'ש (גוש חלב),223,1525,8811.0,3.05,10721.99,7.2
2018,ג'ת,584,5384,7970.65,2.34,8098.93,4.9
2018,דאלית אל-כרמל,908,7970,8024.37,2.98,7739.76,2.89
2018,דבורייה,477,4298,6970.18,2.95,9147.07,-0.34
2018,דייר אל-אסד,421,5268,7162.19,2.99,9013.08,-7.21
2018,דייר חנא,365,4629,6762.96,3.89,8197.81,0.23
2018,דימונה,751,18059,9478.51,2.07,8836.24,2.18
2018,הוד השרון,3809,30172,14612.01,3.51,12854.06,3.39
2018,הר אדר,252,2005,15283.71,0.44,16312.48,2.5
2018,הרצלייה,6015,46183,12612.23,1.45,12078.29,1.47
2018,זכרון יעקב,1322,10434,14023.47,0.1,11042.62,1.85
2018,זמר,349,3001,7100.92,3.32,7621.87,4.21
2018,זרזיר,164,3349,6527.12,5.23,8929.76,-12.44
2018,חדרה,4112,48693,9214.44,1.72,9129.72,1.93
2018,חולון,9581,94471,9631.72,1.38,9920.83,0.94
2018,חורה,209,4442,6421.81,4.23,7970.94,0.5
2018,חורפיש,302,2857,8508.82,4.06,5901.62,-11.77
2018,חיפה,11071,134990,10212.09,-0.05,10446.91,0.35
2018,חצבה,465,5443,11108.87,1.85,10034.24,1.11
2018,חצור הגלילית,323,4620,7487.84,1.19,8159.76,5.68
2018,חריש,507,6216,8781.13,0.1,7975.67,-3.47
2018,טבריה,1568,20722,6912.07,2.53,7694.15,-1.16
2018,טובא-זנגרייה,156,3063,6336.78,5.84,9833.05,-0.3
2018,טורעאן,649,5616,6381.96,4.0,11272.39,-4.31
2018,טייבה,1734,17973,6438.24,2.69,8138.22,4.3
2018,טירה,1315,11728,6987.97,2.5,8211.27,2.44
2018,טירת כרמל,724,11928,8694.19,3.97,8409.9,0.74
2018,טמרה,1101,14052,6089.86,2.61,9181.07,-1.37
2018,יאנוח-ג'ת,200,3100,7942.09,3.61,6903.27,3.42
2018,יבנאל,218,1356,7108.97,7.99,6549.84,-0.73
2018,יבנה,2004,23669,10515.49,3.09,10950.93,1.07
2018,יהוד,1627,15194,11702.48,0.6,12109.05,0.4
2018,יסוד המעלה,185,2497,10870.46,2.75,13583.32,6.44
2018,יפיע,712,7993,6351.5,2.88,9049.33,1.97
2018,יקנעם עילית,702,12555,11751.53,1.51,10843.0,0.32
2018,ירוחם,205,4929,8572.5,1.95,9114.79,-3.34
2018,ירושלים,25248,306765,7635.67,0.61,8945.07,0.58
2018,ירכא,674,6436,7154.49,1.72,8065.92,3.52
2018,כאבול,370,4912,6601.47,1.99,7416.22,1.84
2018,כאוכב אבו אל-היג'א,117,1674,7315.62,2.02,8122.62,10.74
2018,כוכב יאיר,665,5011,14862.37,1.06,14299.81,3.98
2018,כסיפה,156,4685,6343.48,3.73,9013.52,2.01
2018,כסרא-סמיע,255,3646,8028.71,6.52,6887.09,6.13
2018,כעביה-טבאש-חג'אג'רה,126,2409,6658.52,4.13,8328.48,0.93
2018,כפר ברא,163,1546,6704.35,0.69,9416.9,17.15
2018,כפר גלעדי,813,9790,9801.83,1.38,10668.14,-3.1
2018,כפר ורדים,361,2801,13897.1,0.63,9782.77,2.4
2018,כפר יאסיף,617,4739,7293.88,2.32,8144.34,0.51
2018,כפר יונה,1291,11405,11568.8,3.44,10817.68,-1.12
2018,כפר כמא,131,1674,8726.61,2.71,9162.16,4.37
2018,כפר כנא,767,8739,5848.88,3.81,9187.41,1.8
2018,כפר מנדא,652,7290,5395.28,1.59,9182.09,0.09
2018,כפר סבא,5414,49701,12773.23,0.5,11831.33,2.33
2018,כפר קאסם,1034,9621,6425.51,4.37,7701.37,-2.14
2018,כפר קרע,806,8594,7492.61,2.69,8579.57,-2.93
2018,כפר שמריהו,145,789,15714.17,-6.62,13655.01,1.12
2018,כפר תבור,273,2205,13091.71,0.46,12682.53,6.69
2018,כרמיאל,1560,23990,9150.84,1.33,8753.47,0.99
2018,להבים,274,3436,16995.7,-0.21,16379.42,-5.96
2018,לוד,2024,35119,7734.76,3.09,8281.07,1.75
2018,לוזית,1313,5053,10181.71,2.88,9430.42,1.53
2018,לקיה,187,4381,6009.66,2.84,9963.55,12.85
2018,מבשרת ציון,1252,11921,12332.57,0.57,11675.97,-0.94
2018,מגאר,816,9621,6918.32,3.71,8587.42,4.94
2018,מג'ד אל-כרום,529,6797,6120.26,2.79,8911.73,-5.4
2018,מגדל,185,3241,6168.3,1.61,9161.87,23.03
2018,מגדל העמק,658,12817,7684.57,1.59,7711.31,-2.77
2018,מג'דל שמס,864,4450,5524.23,2.6,7288.01,9.33
2018,מודיעין עילית,1179,15489,5157.52,4.1,5901.31,3.18
2018,מודיעין-מכבים-רעות*,4137,43544,14733.91,0.87,13419.61,4.01
2018,מזכרת בתיה,474,3632,13695.5,2.0,10992.32,2.98
2018,מזרעה,152,1958,6738.96,2.62,8185.87,2.75
2018,מטולה,125,937,8945.48,-1.14,10513.53,-5.91
2018,מיתר,380,5208,15718.29,0.07,13484.75,2.38
2018,מנחמיה,289,3146,10600.19,1.07,11725.79,3.98
2018,מסעדה,268,1507,5476.65,1.35,7064.09,12.52
2018,מעיליא,171,1595,9439.0,1.88,10166.37,7.67
2018,מעלה אדומים,1193,19738,9869.19,1.65,10255.65,1.0
2018,מעלה אפרים,39,726,7639.22,3.09,7501.21,-8.81
2018,מעלה עירון,485,5799,6087.04,2.23,9027.41,3.67
2018,מעלות-תרשיחא,708,11304,8647.09,3.65,9237.14,6.28
2018,מצפה רמון,183,2452,7457.25,1.98,8335.73,10.2
2018,מרחביה (קיבוץ),245,3453,6902.63,1.05,9366.71,3.63
2018,משהד,295,3336,6002.72,3.98,9773.61,2.65
2018,נהרייה,2252,30279,9571.91,-1.6,10399.28,-1.51
2018,נוגה,776,3677,9784.65,1.38,8466.89,13.12
2018,נועם,1935,14103,12547.12,1.37,11527.51,1.24
2018,נחף,420,5139,6199.73,2.6,7124.88,-0.02
2018,ניר עוז,221,3560,5673.98,2.55,9958.12,10.31
2018,נס ציונה,2300,23018,13816.15,1.52,12711.01,1.74
2018,נצרת,3115,33276,6787.75,1.88,9338.41,0.83
2018,נצרת עילית,1295,21974,7750.64,2.29,9227.7,0.4
2018,נשר,867,12055,10493.46,2.85,10035.56,2.16
2018,נתיבות,950,15973,7179.86,3.8,9015.93,5.77
2018,נתניה,9419,100584,9045.68,1.62,9394.07,0.56
2018,סאג'ור,137,2031,7879.85,3.87,5972.8,8.7
2018,סביון*,272,1992,17941.35,0.89,15234.88,1.44
2018,סח'נין,1172,13698,6617.17,1.26,8768.61,5.03
2018,ע'ג'ר,73,1121,7234.67,-0.82,7022.97,-6.55
2018,עומר,404,4024,16814.88,0.04,15181.29,-0.37
2018,עוצם,358,2269,14814.73,0.67,10879.29,-5.0
2018,עיילבון,253,2638,8179.97,3.26,8806.69,0.94
2018,עילוט,254,2925,5794.58,3.1,11080.26,-2.62
2018,עין הוד,61,940,10126.27,2.77,13628.79,27.87
2018,עין מאהל,344,5482,5704.66,3.96,7846.1,1.96
2018,עין קנייא,117,959,6095.91,1.01,6930.26,4.94
2018,עכו,1569,24451,7582.54,1.95,9012.18,-2.49
2018,עמנואל,72,1316,5318.85,4.35,5219.28,7.02
2018,עספיא,548,5628,8151.9,1.07,7471.84,5.26
2018,עפולה,1632,26494,8059.57,1.9,8835.03,-2.54
2018,עראבה,909,9740,6592.85,3.51,9782.99,5.34
2018,ערד,791,11694,7845.56,1.22,7483.19,4.18
2018,ערערה,652,8377,6865.31,2.71,7557.99,-1.61
2018,ערערה-בנגב,151,4370,6160.49,2.38,9726.08,-9.89
2018,עתלית,101,2333,9087.57,1.38,10632.35,9.19
2018,פוריידיס,468,5769,6345.73,3.19,7936.61,-3.86
2018,פסוטה,229,1555,8389.29,3.07,9523.05,-6.8
2018,פקיעין (בוקייעה),357,2699,7826.46,3.28,7284.48,1.53
2018,פרדס חנה-כרכור,2675,19378,10967.81,1.67,10141.63,0.81
2018,פרדסייה,404,3393,13190.93,3.51,11790.22,-5.58
2018,פתח תקווה,10241,122907,10757.55,1.06,11102.95,1.71
2018,צפת,1055,12956,6370.1,1.69,7102.24,3.28
2018,קדומים,157,1856,9600.8,-0.11,9642.5,5.18
2018,קדימה-צורן,1371,10645,13262.64,0.17,12874.49,6.97
2018,קלנסווה,847,9184,6778.79,2.72,8281.65,1.85
2018,קצרין,307,3713,7363.0,3.27,8325.93,6.02
2018,קריית אונו,2063,18327,14825.46,1.21,13749.8,1.49
2018,קריית ארבע,142,3171,6582.03,0.74,8140.22,-4.04
2018,קריית אתא,2072,29481,9100.3,0.95,9371.69,-0.99
2018,קריית ביאליק,1383,20440,9569.52,0.46,9682.85,1.78
2018,קריית גת,1673,27907,7597.57,3.15,9300.77,-2.37
2018,קריית טבעון,1073,7829,12344.11,-2.87,10769.65,-1.44
2018,קריית ים,1155,19911,7965.66,0.47,8001.73,2.88
2018,קריית יערים,198,1753,6447.03,4.73,10186.74,-9.58
2018,קריית מוצקין,1494,22895,10041.7,0.02,10413.89,3.52
2018,קריית מלאכי,725,11532,6986.75,4.24,8542.55,1.43
2018,קריית ענבים,209,3867,9406.61,-1.29,9756.88,-8.62
2018,קריית עקרון,480,5651,8518.99,2.85,9429.17,4.66
2018,קריית שמונה,719,11912,7920.29,1.93,8954.71,1.44
2018,קרני שומרון,287,3984,9496.79,1.96,8804.78,-3.52
2018,ראמה,401,3739,7765.32,1.86,7645.03,3.71
2018,ראש העין,2620,31384,11213.7,2.94,10955.73,0.13
2018,ראש פינה,2861,25291,11233.35,1.74,11106.03,2.28
2018,ראשון לציון,12038,132020,10700.19,1.17,11289.53,1.99
2018,רהט,917,20708,5719.18,5.28,10398.62,0.97
2018,רחובות,5462,67840,11061.87,1.52,10664.48,1.7
2018,ריינה,597,6636,6365.21,3.34,9184.6,1.15
2018,רכסים,224,3671,5591.26,0.12,6092.22,0.23
2018,רמלה,2695,36319,7825.54,2.65,9151.36,1.26
2018,רמת גן,8924,79088,11569.69,1.04,11599.9,2.06
2018,רמת השרון,3275,20993,14603.7,0.25,13401.05,0.49
2018,רמת ישי,370,3904,13061.73,0.99,10371.51,0.75
2018,רעננה,4664,34939,13080.3,0.61,12469.6,-0.76
2018,שבלי - אום אל-גנם,229,2574,6768.82,2.3,9767.79,1.16
2018,שגב-שלום,90,3084,5716.08,4.78,8802.54,15.83
2018,שדה דוד,893,8319,11189.11,2.97,10878.67,2.48
2018,שדה משה,1902,10080,12760.07,0.02,11154.67,6.56
2018,שדות מיכה,468,2863,13900.15,0.11,11617.09,-0.42
2018,שדרות,817,14188,8180.02,4.16,10607.21,7.21
2018,שוהם,1011,11367,15412.68,0.73,14639.65,0.12
2018,שחר,501,6440,9140.44,3.07,9268.04,-2.13
2018,שלומי,262,3466,9398.34,4.47,12094.64,9.95
2018,שעב,211,2967,5972.64,3.58,7770.71,5.76
2018,שפרעם,1395,18038,6911.34,2.31,9211.76,3.72
2018,תל אביב -יפו,31581,242777,12273.3,4.91,12230.61,2.7
2018,תל מונד,819,6363,14684.63,0.35,14190.86,4.6
2018,תל שבע,184,5146,5429.05,2.04,12375.35,8.73
2017,אבו גוש,133,3131,7054.72,6.82,8772.3,13.24
2017,אבו סנאן,477,5343,6688.53,7.21,8121.12,2.05
2017,אבן יהודה,711,6131,14368.2,5.8,13007.42,-1.05
2017,אום אל-פחם,1655,19324,5650.87,5.2,8745.47,4.48
2017,אופקים,257,3229,9677.47,4.25,10588.17,13.84
2017,אור יהודה,1440,17225,8305.45,5.47,10347.23,4.09
2017,אור עקיבא,649,9453,7862.59,6.87,8921.68,4.15
2017,אורנית,481,4443,13479.64,5.69,12211.06,0.48
2017,אזור,600,5932,9579.82,4.73,12182.24,11.12
2017,אילת,2091,31478,8236.25,6.67,11438.42,3.45
2017,איתן,197,3787,11001.72,1.34,12464.09,7.07
2017,אכסאל,624,5350,6694.91,5.76,10519.37,1.54
2017,אליכין,214,4576,12473.46,4.7,14547.28,-0.4
2017,אלעד,951,12946,6566.99,5.38,7638.76,0.29
2017,אלפי מנשה,406,3940,12452.47,5.25,11330.75,1.0
2017,אלקנה,103,1708,11939.51,6.86,13456.77,-4.19
2017,אעבלין,447,5387,6474.24,5.03,7867.86,6.13
2017,אפרת,316,4529,10484.86,5.52,13999.52,6.82
2017,אריאל,534,10181,9010.14,5.32,9385.55,6.44
2017,אשבול,918,7854,8942.82,3.57,9624.45,7.8
2017,אשדוד,5667,101717,8563.71,5.93,9718.46,4.32
2017,אשקלון,3884,67187,8239.31,7.57,9493.29,5.42
2017,באקה אל-גרביה,1033,11495,6707.76,4.58,9120.76,-0.44
2017,באר יעקב,954,11662,11568.5,7.57,12349.76,4.11
2017,באר שבע,4058,98277,8931.66,6.79,10086.02,5.04
2017,בועיינה-נוג'ידאת,212,3884,5903.76,8.04,9071.08,14.61
2017,בוקעאתא,282,2426,5690.18,7.06,7239.43,15.56
2017,ביר אל-מכסור,169,3742,6143.43,6.94,8886.76,12.87
2017,בית אל,98,2355,7561.2,6.78,8854.4,0.5
2017,בית אריה,241,2577,11185.4,5.0,11815.31,2.51
2017,בית ג'ן,336,5315,7199.42,13.36,6338.33,4.55
2017,בית דגן,313,3329,10432.1,6.01,11234.09,6.33
2017,בית ניר,2186,17488,12568.64,2.96,12046.43,7.4
2017,בית שאן,440,9464,7533.84,7.5,9964.66,-0.26
2017,בית שמש,2174,34157,7028.71,4.98,8789.87,2.64
2017,ביתר עילית,808,14287,5128.2,7.07,6918.14,2.79
2017,בני ברק,2792,56214,6036.72,5.86,8289.76,3.97
2017,"בני עי""ש",174,3712,8040.73,6.43,7643.93,4.77
2017,בנימינה-גבעת עדה*,744,6609,14087.97,3.75,13228.17,4.03
2017,"בסמ""ה",282,3894,5978.88,3.6,8089.42,7.38
2017,בסמת טבעון,204,3263,6230.03,5.48,8597.59,8.49
2017,בענה,244,3348,5315.78,6.13,8176.74,-3.72
2017,בת ים,4071,64073,7562.0,5.34,9088.13,5.86
2017,בת שלמה,1066,10252,11324.94,5.63,14259.39,11.41
2017,גבעת זאב,577,7350,8820.84,3.18,9923.12,5.42
2017,גבעת שמואל,871,11381,13114.45,4.54,15110.33,0.09
2017,גבעתיים,2677,28422,13133.41,5.41,13671.63,6.24
2017,גדות,297,3787,13052.1,5.1,11918.41,1.03
2017,ג'דיידה-מכר,577,8742,5971.63,5.27,9484.02,10.79
2017,גדרה,828,11846,11791.2,5.74,12386.06,6.25
2017,ג'ולס,136,2975,8042.58,10.69,5962.6,12.48
2017,ג'לג'וליה,329,3891,5483.67,5.43,7795.44,10.53
2017,גן יבנה,862,11550,11437.08,4.67,11771.24,8.72
2017,גן שמואל,1266,17671,10098.84,7.33,10292.9,5.88
2017,גני תקווה,780,8671,14354.2,4.48,15606.89,8.43
2017,ג'סר א-זרקא,109,6093,5491.9,7.97,7799.0,8.24
2017,גפן,328,4526,9483.48,7.74,11246.8,-2.72
2017,ג'ש (גוש חלב),187,1477,8482.25,5.29,10826.14,9.22
2017,ג'ת,495,5104,7726.84,5.83,8162.79,2.67
2017,דאלית אל-כרמל,755,7631,7730.35,9.31,7686.85,7.59
2017,דבורייה,412,4089,6716.75,2.64,9324.34,3.86
2017,דייר אל-אסד,374,5074,6899.07,7.7,9865.84,6.13
2017,דייר חנא,309,4505,6457.86,4.67,8330.43,8.35
2017,דימונה,619,17380,9212.31,6.71,9296.34,12.15
2017,הוד השרון,2876,29146,14004.92,5.09,13306.73,4.64
2017,הר אדר,165,1992,15096.73,2.92,17673.25,8.06
2017,הרצלייה,4262,43884,12333.64,5.45,12870.13,5.64
2017,זכרון יעקב,1017,10150,13898.9,4.35,11569.95,0.97
2017,זמר,299,2859,6818.34,4.6,7668.81,3.38
2017,זרזיר,145,3259,6153.73,10.55,10325.95,-2.94
2017,חדרה,3264,46781,8986.63,6.08,9557.19,4.81
2017,חולון,7256,90822,9425.2,5.07,10847.01,5.01
2017,חורה,186,4143,6112.06,6.66,8246.45,-2.77
2017,חורפיש,235,2723,8112.14,12.77,6438.0,1.18
2017,חיפה,7775,128684,10136.09,4.82,11178.78,5.27
2017,חצבה,316,5327,10820.72,3.89,11129.85,3.16
2017,חצור הגלילית,257,4414,7340.72,8.95,8458.82,7.33
2017,חריש,280,3863,8703.01,-1.14,8552.89,6.95
2017,טבריה,1167,20002,6688.11,7.71,8220.74,4.44
2017,טובא-זנגרייה,131,2997,5939.42,6.08,10161.43,3.2
2017,טורעאן,578,5437,6087.52,5.84,11887.34,1.57
2017,טייבה,1536,17035,6219.88,6.15,8043.29,6.38
2017,טירה,1178,11180,6763.1,6.33,8216.15,7.16
2017,טירת כרמל,572,11079,8295.83,8.86,8978.43,4.22
2017,טמרה,952,13453,5887.57,7.46,9410.0,5.08
2017,יאנוח-ג'ת,169,2916,7604.63,9.75,6970.95,11.62
2017,יבנאל,141,1374,6530.6,7.19,7726.23,5.53
2017,יבנה,1583,22948,10119.55,6.05,11503.19,6.61
2017,יהוד,1226,14735,11540.21,4.12,12616.37,7.9
2017,יסוד המעלה,132,2471,10495.93,8.89,14875.28,19.66
2017,יפיע,611,7575,6124.97,4.9,8848.24,2.55
2017,יקנעם עילית,551,11939,11484.84,4.89,11311.08,7.96
2017,ירוחם,144,4627,8341.6,8.19,10558.13,11.23
2017,ירושלים,19705,289914,7529.44,4.67,9266.77,4.6
2017,ירכא,577,6093,6977.41,9.44,8274.94,11.72
2017,כאבול,329,4708,6421.18,7.67,7387.45,4.43
2017,כאוכב אבו אל-היג'א,103,1614,7114.07,4.61,7172.34,4.57
2017,כוכב יאיר,490,4987,14589.46,3.38,14957.1,2.27
2017,כסיפה,126,4353,6067.11,8.74,9336.77,13.56
2017,כסרא-סמיע,230,3493,7477.72,9.25,6502.13,-0.58
2017,כעביה-טבאש-חג'אג'רה,118,2318,6343.43,6.94,8067.45,6.58
2017,כפר ברא,132,1465,6605.73,3.48,8256.16,-6.72
2017,כפר גלעדי,686,9447,9591.67,4.6,11376.4,5.56
2017,כפר ורדים,263,2790,13700.6,1.56,10633.96,4.0
2017,כפר יאסיף,525,4561,7071.98,6.39,8413.7,8.84
2017,כפר יונה,998,10443,11095.18,6.13,11474.75,4.81
2017,כפר כמא,112,1578,8428.66,8.28,8844.62,0.85
2017,כפר כנא,669,8376,5589.56,5.29,9145.89,2.9
2017,כפר מנדא,593,6865,5268.58,4.85,9239.94,4.18
2017,כפר סבא,3945,47907,12609.41,5.19,12667.41,5.78
2017,כפר קאסם,907,9230,6107.36,5.37,7961.69,8.62
2017,כפר קרע,718,8309,7238.77,4.6,9007.06,2.43
2017,כפר שמריהו,92,733,16694.21,6.64,13396.11,9.21
2017,כפר תבור,194,2132,12928.82,6.32,12663.54,9.32
2017,כרמיאל,1213,23491,8959.23,6.11,9422.32,10.54
2017,להבים,166,3317,16896.89,4.9,21871.11,2.38
2017,לוד,1628,33763,7443.14,4.85,8639.28,7.05
2017,לוזית,781,4946,9818.01,6.25,10730.92,4.96
2017,לקיה,147,4176,5797.15,6.57,9066.13,14.83
2017,מבשרת ציון,855,11615,12165.58,4.49,13065.99,10.11
2017,מגאר,672,8994,6617.64,10.76,8551.15,3.85
2017,מג'ד אל-כרום,451,6505,5907.14,5.46,9460.75,3.89
2017,מגדל,161,3064,6022.64,8.59,7568.57,1.9
2017,מגדל העמק,492,12527,7504.04,7.02,8821.13,-0.24
2017,מג'דל שמס,687,4236,5341.25,7.27,7361.85,13.05
2017,מודיעין עילית,988,14614,4914.89,6.35,5690.68,3.27
2017,מודיעין-מכבים-רעות*,3247,42069,14491.31,5.21,13375.47,4.71
2017,מזכרת בתיה,334,3578,13320.39,4.06,11933.91,15.16
2017,מזרעה,127,1889,6515.07,6.93,8405.96,11.51
2017,מטולה,77,907,8977.07,5.91,11085.75,7.25
2017,מיתר,253,4605,15582.4,4.28,14287.68,9.25
2017,מנחמיה,247,3059,10404.29,12.21,12061.54,12.37
2017,מסעדה,230,1422,5360.89,7.06,6706.76,7.02
2017,מעיליא,130,1537,9191.36,2.34,10513.49,15.06
2017,מעלה אדומים,997,19348,9631.5,6.09,10827.87,6.8
2017,מעלה אפרים,27,744,7351.77,7.49,8160.59,-0.63
2017,מעלה עירון,417,5549,5906.9,4.19,9054.1,5.47
2017,מעלות-תרשיחא,597,10949,8276.19,6.57,9250.32,1.72
2017,מצפה רמון,133,2432,7254.25,12.01,8132.53,6.58
2017,מרחביה (קיבוץ),204,3304,6776.86,5.96,9587.95,5.08
2017,משהד,257,3170,5726.92,4.44,9684.21,5.51
2017,נהרייה,1654,28479,9650.2,4.59,11419.07,11.17
2017,נוגה,410,3594,9575.27,5.93,10133.34,6.26
2017,נועם,1385,13419,12279.07,4.9,12371.26,4.9
2017,נחף,372,4898,5994.91,6.12,6609.18,-1.56
2017,ניר עוז,172,3237,5488.82,1.34,9606.48,37.83
2017,נס ציונה,1787,22393,13501.67,4.01,13448.57,6.16
2017,נצרת,2607,31866,6609.83,4.97,9697.53,3.68
2017,נצרת עילית,1070,21269,7516.91,4.1,9486.77,0.54
2017,נשר,637,11681,10121.48,5.62,10634.59,6.08
2017,נתיבות,759,14832,6862.43,7.89,8854.18,2.79
2017,נתניה,7283,97576,8831.2,5.04,10013.43,3.71
2017,סאג'ור,107,1967,7525.89,15.65,5635.67,10.76
2017,סביון*,174,1890,17641.85,2.86,16706.59,0.12
2017,סח'נין,1036,12917,6482.92,5.07,8455.97,6.01
2017,ע'ג'ר,68,1053,7236.32,3.08,7569.7,-11.77
2017,עומר,243,3925,16675.38,4.18,15950.84,2.25
2017,עוצם,252,2196,14599.64,4.85,12895.42,5.89
2017,עיילבון,215,2548,7859.1,8.23,8811.22,2.47
2017,עילוט,218,2754,5575.9,2.64,11426.07,1.28
2017,עין הוד,51,862,9774.9,-7.92,11777.24,2.37
2017,עין מאהל,281,5257,5443.67,5.85,7698.49,3.15
2017,עין קנייא,104,901,5987.09,6.79,6934.82,12.4
2017,עכו,1245,23480,7378.44,7.56,9794.74,3.49
2017,עמנואל,48,1264,5056.58,7.86,5257.73,-6.2
2017,עספיא,479,5377,8001.54,4.79,7461.86,10.0
2017,עפולה,1200,24910,7846.46,5.99,9675.04,6.17
2017,עראבה,791,9383,6318.47,3.33,9416.86,3.36
2017,ערד,605,11504,7689.6,5.17,7756.2,6.42
2017,ערערה,582,7967,6631.37,4.72,7726.96,4.19
2017,ערערה-בנגב,127,4049,5969.5,0.75,10910.47,-2.63
2017,עתלית,82,2279,8892.78,9.6,9775.64,-10.21
2017,פוריידיס,403,5474,6101.02,5.54,8603.86,3.73
2017,פסוטה,202,1519,8074.68,8.45,10634.31,12.38
2017,פקיעין (בוקייעה),292,2600,7517.81,6.19,7544.47,3.7
2017,פרדס חנה-כרכור,2158,18647,10701.87,5.95,10655.83,7.89
2017,פרדסייה,318,3368,12642.1,5.48,12764.88,9.87
2017,פתח תקווה,7756,117983,10559.9,5.41,11829.41,4.61
2017,צפת,800,12259,6214.4,6.16,7489.45,8.27
2017,קדומים,120,1842,9535.02,9.74,9608.64,16.22
2017,קדימה-צורן,1149,10334,13134.74,4.38,12362.96,-4.96
2017,קלנסווה,749,8673,6546.75,5.31,8316.36,4.21
2017,קצרין,237,3603,7073.14,7.79,8247.83,5.72
2017,קריית אונו,1500,17677,14532.25,4.4,14648.89,4.57
2017,קריית ארבע,122,3154,6481.88,9.1,9386.76,-3.21
2017,קריית אתא,1531,28174,8943.46,5.68,10241.9,7.11
2017,קריית ביאליק,996,19568,9450.17,5.5,10356.55,2.63
2017,קריית גת,1324,26498,7307.36,8.13,10144.48,5.35
2017,קריית טבעון,776,7452,12608.18,3.38,11758.63,-0.25
2017,קריית ים,870,19257,7865.33,5.44,8427.18,4.77
2017,קריית יערים,160,1579,6106.94,4.79,10445.49,0.34
2017,קריית מוצקין,1089,21399,9959.58,5.66,11050.37,3.82
2017,קריית מלאכי,602,11085,6649.35,8.14,8821.95,-3.09
2017,קריית ענבים,178,3787,9453.53,7.92,11137.17,9.72
2017,קריית עקרון,402,5474,8217.02,7.67,9645.45,5.0
2017,קריית שמונה,584,11772,7708.55,7.27,9461.95,1.6
2017,קרני שומרון,217,3769,9240.53,7.37,9207.59,3.89
2017,ראמה,337,3553,7562.92,9.09,7810.85,10.25
2017,ראש העין,1916,28266,10807.27,8.14,11291.89,7.73
2017,ראש פינה,2067,23759,10954.04,4.2,12244.37,8.87
2017,ראשון לציון,9308,127413,10492.39,4.49,12011.48,5.46
2017,רהט,779,19600,5389.09,8.47,10392.84,5.35
2017,רחובות,4089,64903,10809.66,5.9,11118.12,6.08
2017,ריינה,517,6488,6110.75,6.5,9324.26,5.04
2017,רכסים,178,3444,5540.47,5.87,6179.1,5.86
2017,רמלה,2303,35175,7563.26,6.29,9525.76,6.91
2017,רמת גן,6546,73271,11359.92,4.36,12315.42,6.09
2017,רמת השרון,2262,20299,14451.11,3.65,14523.21,3.05
2017,רמת ישי,245,3796,12830.76,3.85,11261.95,7.08
2017,רעננה,3363,33797,12897.72,4.66,13675.88,4.67
2017,שבלי - אום אל-גנם,202,2484,6563.92,5.28,9818.53,1.17
2017,שגב-שלום,81,2835,5412.12,6.1,7788.1,13.34
2017,שדה דוד,653,8031,10780.45,6.75,11449.49,8.2
2017,שדה משה,1383,9725,12656.66,5.33,11990.46,3.64
2017,שדות מיכה,289,2702,13774.16,9.28,14702.7,15.09
2017,שדרות,667,13349,7790.99,7.98,10473.5,7.84
2017,שוהם,834,11081,15179.94,3.13,15495.02,4.54
2017,שחר,359,6185,8798.16,0.22,10209.63,-0.96
2017,שלומי,207,3260,8925.18,9.1,12219.97,13.91
2017,שעב,188,2817,5720.73,2.44,7031.41,7.4
2017,שפרעם,1215,17138,6701.77,7.25,9028.51,0.16
2017,תל אביב -יפו,24249,232455,11606.02,5.13,12439.3,4.25
2017,תל מונד,667,6103,14516.78,3.61,14192.15,3.12
2017,תל שבע,164,4927,5278.41,5.7,11368.6,-2.45
2016,אבו גוש,132,2948,6591.09,5.56,7731.45,16.73
2016,אבו סנאן,467,5086,6226.12,3.25,7941.96,0.52
2016,אבן יהודה,720,6049,13553.54,0.88,13119.36,2.1
2016,אום אל-פחם,1543,18114,5361.0,1.9,8354.0,6.76
2016,אופקים,253,3057,9264.0,-1.95,9282.0,2.2
2016,אור יהודה,1462,16944,7859.0,0.9,9921.0,4.84
2016,אור עקיבא,616,9183,7343.0,3.7,8549.0,8.56
2016,אורנית,481,4244,12728.87,-0.27,12128.11,9.42
2016,אזור,606,5806,9128.5,0.91,10941.61,2.78
2016,אילת,2123,30531,7706.0,1.5,11035.0,3.25
2016,איתן,180,3771,10835.0,2.87,11618.0,11.47
2016,אכסאל,584,5094,6317.64,4.43,10338.86,7.28
2016,אליכין,199,4284,11889.0,1.45,14576.0,12.6
2016,אלעד,875,12216,6219.0,2.0,7601.0,2.91
2016,אלפי מנשה,407,3833,11807.2,0.08,11196.44,1.47
2016,אלקנה,104,1706,11151.11,-1.1,14017.6,2.77
2016,אעבלין,435,5101,6151.98,5.59,7398.92,3.7
2016,אפרת,304,4145,9916.35,2.29,13078.97,-7.9
2016,אריאל,552,10018,8538.0,2.9,8800.0,-1.71
2016,אשבול,928,7734,8618.0,1.38,8910.0,6.05
2016,אשדוד,5687,99332,8068.0,1.4,9298.0,5.14
2016,אשקלון,3914,64679,7644.0,0.7,8987.0,1.45
2016,באקה אל-גרביה,995,10879,6401.0,3.9,9143.0,1.82
2016,באר יעקב,794,9962,10732.58,2.15,11837.98,9.06
2016,באר שבע,4188,95595,8347.0,1.2,9583.0,2.46
2016,בועיינה-נוג'ידאת,193,3657,5453.69,2.17,7899.1,-7.56
2016,בוקעאתא,296,2300,5304.52,6.25,6252.04,13.41
2016,ביר אל-מכסור,165,3487,5733.17,2.43,7857.91,-5.16
2016,בית אל,98,2312,7066.66,-0.24,8793.02,-1.5
2016,בית אריה,235,2400,10631.45,0.19,11502.92,22.15
2016,בית ג'ן,342,4972,6338.05,-2.13,6050.65,-4.36
2016,בית דגן,308,3302,9820.6,0.54,10543.96,3.64
2016,בית ניר,2168,17308,12183.0,0.51,11194.0,4.3
2016,בית שאן,440,9124,6994.0,0.6,9971.0,8.15
2016,בית שמש,2001,31986,6682.0,2.2,8546.0,2.29
2016,ביתר עילית,719,13256,4780.0,2.9,6717.0,11.86
2016,בני ברק,2748,54655,5691.0,2.5,7957.0,-0.31
2016,"בני עי""ש",183,3645,7539.78,1.1,7281.31,0.52
2016,בנימינה-גבעת עדה*,777,6400,13552.23,0.26,12690.31,1.97
2016,"בסמ""ה",258,3660,5759.74,3.05,7518.74,6.48
2016,בסמת טבעון,182,3087,5894.37,4.42,7909.02,4.89
2016,בענה,228,3106,4998.55,3.6,8475.74,9.86
2016,בת ים,4235,63579,7164.0,2.6,8568.0,3.38
2016,בת שלמה,1141,9684,10700.0,-0.64,12774.0,4.16
2016,גבעת זאב,549,7013,8531.63,2.63,9394.51,0.96
2016,גבעת שמואל,869,10989,12520.0,0.9,15066.0,4.74
2016,גבעתיים,2765,27465,12434.0,2.4,12843.0,3.78
2016,גדות,286,3732,12394.0,0.09,11774.0,10.02
2016,ג'דיידה-מכר,545,8203,5661.6,4.16,8543.3,9.95
2016,גדרה,870,11151,11129.06,-2.42,11634.06,5.09
2016,ג'ולס,144,2720,7251.59,-2.02,5290.26,8.39
2016,ג'לג'וליה,322,3647,5190.86,3.43,7038.57,6.96
2016,גן יבנה,882,10856,10904.56,0.15,10805.09,3.48
2016,גן שמואל,1267,16404,9390.0,1.42,9702.0,2.23
2016,גני תקווה,757,8247,13710.77,2.56,14365.03,5.86
2016,ג'סר א-זרקא,111,5845,5076.17,4.76,7191.13,6.64
2016,גפן,317,4297,8784.0,1.03,11538.0,7.2
2016,ג'ש (גוש חלב),189,1437,8039.93,4.46,9892.81,3.54
2016,ג'ת,492,4865,7286.77,2.45,7934.59,1.48
2016,דאלית אל-כרמל,742,7147,7058.02,0.37,7130.42,8.55
2016,דבורייה,396,3755,6530.81,3.98,8959.67,8.78
2016,דייר אל-אסד,364,4849,6392.74,4.11,9277.23,4.69
2016,דייר חנא,293,4178,6157.56,4.49,7672.9,-7.64
2016,דימונה,616,16558,8616.0,4.9,8273.0,-1.74
2016,הוד השרון,2924,28174,13300.0,1.4,12691.0,2.63
2016,הר אדר,182,1930,14639.6,-1.17,16322.6,4.37
2016,הרצלייה,4415,43006,11673.0,1.7,12159.0,0.43
2016,זכרון יעקב,1032,9783,13292.97,-0.98,11435.65,0.18
2016,זמר,295,2701,6505.53,1.48,7403.21,6.92
2016,זרזיר,135,2981,5555.53,-2.77,10617.32,24.03
2016,חדרה,3201,45455,8454.0,2.4,9101.0,3.55
2016,חולון,7440,89091,8953.0,2.2,10309.0,3.68
2016,חורה,172,3797,5718.92,0.96,8464.77,6.46
2016,חורפיש,242,2510,7179.15,-6.63,6350.49,10.2
2016,חיפה,8086,125978,9651.0,1.0,10598.0,3.33
2016,חצבה,288,5370,10395.0,-0.56,10768.0,17.38
2016,חצור הגלילית,257,4282,6724.42,-0.2,7865.76,7.19
2016,חריש,169,2275,8786.05,-0.48,8130.39,7.83
2016,טבריה,1224,19374,6197.0,0.0,7855.0,16.61
2016,טובא-זנגרייה,132,2817,5587.88,8.4,9826.96,10.54
2016,טורעאן,551,5120,5740.27,3.36,11679.98,4.3
2016,טייבה,1471,16252,5848.0,0.8,7546.0,4.95
2016,טירה,1140,10731,6348.0,2.5,7652.0,2.73
2016,טירת כרמל,541,10486,7606.0,3.9,8597.0,5.22
2016,טמרה,902,12786,5468.0,3.4,8937.0,8.28
2016,יאנוח-ג'ת,161,2691,6915.53,-3.51,6232.51,4.13
2016,יבנאל,142,1360,6080.4,-0.33,7306.83,2.81
2016,יבנה,1592,21953,9523.0,-0.5,10769.0,0.44
2016,יהוד,1264,14422,11061.0,0.8,11669.0,3.22
2016,יסוד המעלה,143,2361,9620.0,-0.16,12407.0,8.15
2016,יפיע,579,7216,5826.95,3.27,8611.03,3.25
2016,יקנעם עילית,566,11374,10927.0,1.9,10456.0,2.79
2016,ירוחם,137,4356,7694.62,0.22,9473.14,5.2
2016,ירושלים,19777,276358,7179.0,1.4,8841.0,4.57
2016,ירכא,570,5541,6362.87,-1.36,7392.29,8.79
2016,כאבול,295,4419,5951.98,2.78,7059.95,7.74
2016,כאוכב אבו אל-היג'א,101,1521,6786.82,2.56,6845.38,5.47
2016,כוכב יאיר,496,4937,14084.12,0.31,14595.81,9.28
2016,כסיפה,114,4021,5568.27,2.51,8205.73,21.04
2016,כסרא-סמיע,217,3298,6830.95,0.92,6527.08,9.09
2016,כעביה-טבאש-חג'אג'רה,113,2161,5920.13,4.88,7554.02,13.35
2016,כפר ברא,117,1364,6370.92,5.24,8833.71,4.23
2016,כפר גלעדי,688,9146,9152.0,3.35,10756.0,2.67
2016,כפר ורדים,272,2699,13462.7,-0.54,10204.6,4.97
2016,כפר יאסיף,522,4357,6633.71,3.53,7715.16,7.88
2016,כפר יונה,976,9914,10433.0,-0.2,10926.0,5.42
2016,כפר כמא,119,1500,7768.73,0.79,8752.55,12.38
2016,כפר כנא,654,7821,5298.28,3.7,8870.71,3.68
2016,כפר מנדא,536,6447,5015.06,3.85,8851.39,3.26
2016,כפר סבא,4056,47215,11963.0,2.3,11951.0,-0.17
2016,כפר קאסם,832,8821,5784.0,3.2,7315.0,1.51
2016,כפר קרע,652,7916,6906.6,3.49,8776.05,9.53
2016,כפר שמריהו,100,704,15624.13,2.44,12242.09,-0.7
2016,כפר תבור,212,1995,12136.13,-0.99,11561.21,4.37
2016,כרמיאל,1273,23215,8426.0,1.5,8507.0,6.81
2016,להבים,171,3249,16075.12,-0.1,21319.44,13.03
2016,לוד,1624,32671,7085.0,2.6,8054.0,5.29
2016,לוזית,854,4714,9222.0,-0.14,10203.0,3.01
2016,לקיה,131,3833,5428.82,2.83,7879.35,3.48
2016,מבשרת ציון,917,11439,11619.92,1.51,11842.98,3.9
2016,מגאר,622,8270,5962.67,-1.23,8217.8,1.52
2016,מג'ד אל-כרום,431,6089,5589.9,5.31,9088.35,9.64
2016,מגדל,146,2817,5535.0,-3.48,7412.0,2.85
2016,מגדל העמק,511,12291,6998.0,1.5,8825.0,0.39
2016,מג'דל שמס,676,4067,4969.24,6.68,6499.25,11.93
2016,מודיעין עילית,907,13790,4612.0,3.6,5500.0,10.16
2016,מודיעין-מכבים-רעות*,3399,40318,13746.0,-2.8,12748.0,6.52
2016,מזכרת בתיה,342,3382,12775.0,-2.83,10342.0,0.77
2016,מזרעה,120,1812,6080.39,2.56,7522.99,-10.36
2016,מטולה,83,879,8459.08,-1.34,10316.11,7.36
2016,מיתר,240,4167,14912.54,1.0,13052.05,-0.99
2016,מנחמיה,237,2841,9251.0,-6.32,10713.0,-0.36
2016,מסעדה,219,1366,4997.46,6.02,6254.04,9.06
2016,מעיליא,140,1465,8963.35,3.03,9118.85,-3.71
2016,מעלה אדומים,1000,18873,9060.0,1.9,10118.0,2.82
2016,מעלה אפרים,24,748,6825.98,2.65,8195.91,53.83
2016,מעלה עירון,386,5201,5657.8,3.85,8567.45,0.8
2016,מעלות-תרשיחא,571,10676,7751.0,0.6,9075.0,2.15
2016,מצפה רמון,138,2196,6463.45,-9.03,7615.35,-10.58
2016,מרחביה (קיבוץ),202,3125,6383.0,5.14,9106.0,-0.26
2016,משהד,255,2920,5472.48,3.68,9160.19,2.95
2016,נהרייה,1739,27332,9208.0,0.9,10251.0,1.46
2016,נוגה,461,3499,9021.0,1.41,9518.0,3.06
2016,נועם,1366,12809,11682.0,0.67,11770.0,3.85
2016,נחף,353,4637,5637.88,6.78,6700.23,9.58
2016,ניר עוז,76,1835,5405.0,1.23,6956.0,15.93
2016,נס ציונה,1816,21566,12955.0,1.6,12643.0,0.99
2016,נצרת,2528,30680,6284.0,3.2,9335.0,4.58
2016,נצרת עילית,1057,20698,7206.0,2.0,9417.0,6.04
2016,נשר,664,11555,9563.0,2.2,10005.0,8.16
2016,נתיבות,760,13660,6348.0,1.0,8597.0,2.39
2016,נתניה,7354,95185,8391.0,1.9,9636.0,1.74
2016,סאג'ור,103,1729,6494.22,-5.5,5077.94,-3.95
2016,סביון*,198,1798,17116.66,1.01,16653.22,-27.2
2016,סח'נין,969,12133,6158.0,3.5,7960.0,7.27
2016,ע'ג'ר,67,956,7005.79,6.48,8562.1,20.2
2016,עומר,259,3801,15974.05,0.83,15568.99,1.05
2016,עוצם,264,2090,13897.0,-2.29,12154.0,2.38
2016,עיילבון,197,2470,7247.08,1.73,8581.54,8.76
2016,עילוט,195,2585,5421.4,3.93,11259.2,3.43
2016,עין הוד,47,813,10595.0,8.36,11482.0,5.17
2016,עין מאהל,277,4845,5132.41,4.45,7448.14,1.12
2016,עין קנייא,94,857,5595.49,3.08,6360.84,18.79
2016,עכו,1255,22824,6846.0,1.4,9445.0,5.67
2016,עמנואל,46,1154,4678.93,3.58,5594.26,43.53
2016,עספיא,472,5005,7620.75,2.95,6769.91,8.89
2016,עפולה,1190,23476,7388.0,-0.3,9095.0,3.96
2016,עראבה,761,8566,6103.0,4.1,9092.0,8.53
2016,ערד,602,11117,7297.0,2.7,7274.0,-0.32
2016,ערערה,560,7564,6319.89,3.35,7401.57,9.3
2016,ערערה-בנגב,122,3616,5913.01,1.16,11182.51,0.53
2016,עתלית,81,2187,8098.0,-3.71,10866.0,22.8
2016,פוריידיס,397,5163,5769.35,5.62,8278.05,8.75
2016,פסוטה,191,1514,7430.97,3.75,9443.51,0.58
2016,פקיעין (בוקייעה),286,2459,7065.13,-0.25,7260.88,5.74
2016,פרדס חנה-כרכור,2114,17838,10081.0,1.19,9857.01,6.27
2016,פרדסייה,335,3354,11960.82,0.74,11594.79,2.45
2016,פתח תקווה,7853,115151,9998.0,1.4,11285.0,5.77
2016,צפת,802,11674,5842.0,0.2,6904.0,3.1
2016,קדומים,114,1785,8671.76,-1.84,8251.42,-15.04
2016,קדימה-צורן,1132,9906,12557.92,2.48,12982.36,9.08
2016,קלנסווה,701,8204,6204.0,3.3,7964.0,10.57
2016,קצרין,244,3492,6548.61,-2.55,7785.79,6.26
2016,קריית אונו,1612,17148,13892.0,2.2,13981.0,4.32
2016,קריית ארבע,114,3034,5929.38,3.54,9679.06,12.09
2016,קריית אתא,1615,27377,8446.0,2.2,9543.0,2.69
2016,קריית ביאליק,986,19279,8940.0,1.6,10071.0,4.47
2016,קריית גת,1335,25406,6744.0,1.6,9610.0,6.08
2016,קריית טבעון,805,7337,12171.05,0.47,11764.47,3.86
2016,קריית ים,913,19043,7445.0,1.8,8027.0,5.82
2016,קריית יערים,136,1398,5816.29,4.14,10389.13,16.69
2016,קריית מוצקין,1094,20961,9407.0,1.0,10622.0,6.91
2016,קריית מלאכי,576,10504,6137.0,2.5,9085.0,7.64
2016,קריית ענבים,164,3474,8742.0,-0.01,10130.0,19.0
2016,קריית עקרון,410,5353,7616.33,-1.56,9168.21,10.24
2016,קריית שמונה,584,11485,7172.0,-0.2,9294.0,5.47
2016,קרני שומרון,217,3579,8589.25,2.12,8844.98,2.67
2016,ראמה,321,3446,6918.96,2.69,7070.38,-1.62
2016,ראש העין,1802,24679,9974.0,-0.8,10460.0,1.05
2016,ראש פינה,2043,22383,10492.0,2.27,11224.0,5.08
2016,ראשון לציון,9475,125057,10021.0,1.0,11367.0,2.97
2016,רהט,708,18292,4959.0,4.0,9846.0,3.23
2016,רחובות,4170,62533,10187.0,0.5,10459.0,1.69
2016,ריינה,490,6189,5726.25,2.87,8859.03,9.66
2016,רכסים,166,3362,5222.72,3.38,5825.51,-0.6
2016,רמלה,2322,34229,7102.0,2.1,8892.0,5.96
2016,רמת גן,6555,70818,10863.0,2.2,11585.0,1.54
2016,רמת השרון,2322,19707,13914.0,0.3,14065.0,4.74
2016,רמת ישי,255,3734,12330.37,0.62,10496.82,0.09
2016,רעננה,3471,32884,12299.0,1.1,13040.0,-1.72
2016,שבלי - אום אל-גנם,188,2366,6222.06,3.64,9685.29,0.93
2016,שגב-שלום,71,2637,5090.99,4.25,6857.88,0.1
2016,שדה דוד,626,7662,10079.0,1.29,10561.0,-1.1
2016,שדה משה,1436,9540,11992.0,-0.7,11547.0,4.89
2016,שדות מיכה,306,2551,12580.0,-3.04,12750.0,7.12
2016,שדרות,634,12417,7201.0,3.9,9693.0,6.94
2016,שוהם,833,10633,14689.71,0.26,14792.15,1.16
2016,שחר,330,6163,8761.0,5.0,10288.0,13.14
2016,שלומי,218,3157,8164.68,1.59,10706.09,8.26
2016,שעב,4032,4032,4032.0,4032.0,4032.0,4032.0
2016,שפרעם,1161,16307,6236.0,2.0,8996.0,5.79
2016,תל אביב -יפו,24447,223935,11017.0,2.5,11908.0,2.42
2016,תל מונד,660,5819,13983.03,-0.02,13735.86,6.07
2016,תל שבע,149,4543,4983.94,-1.46,11631.4,0.88
