year,city,population,Percentage of population at the end of the year aged 19-15,Percentage of population at the end of the year aged 20-29,Percentage of population at the end of the year aged 30-44,precent count Age 15-44 ,number_of_high_schools,number_of_bachelor_graduates_in_percent,number_of_high_school_graduates_in_percent,number_of_high_school_students,Registration_for_higher_education_within_8_years_in_percent,number_of_students_in_percent,number_of_self_employees,number_of_employees,employees_average_monthly_wage,employees_average_monthly_wage_change_in_percent,self_employees_average_monthly_wage,self_employees_average_monthly_wage_change_in_percent
2019,אבו גוש,7698.0,9.31,17.33,20.12,46.760000000000005,3,13.03,59.29,361,..,3.74,151,3393,7294.03,1.35,10064.79,-7.67
2019,אבו סנאן,14099.0,10.13,17.8,20.31,48.239999999999995,3,12.09,65.81,592,28.50,2.32,626,5841,7071.17,1.95,8456.8,-0.75
2019,אבן יהודה,13826.0,8.38,9.63,17.9,35.91,3,55.59,83.96,1087,46.10,3.03,899,6265,14054.0,1.58,12517.09,-1.72
2019,אום אל-פחם,56109.0,11.35,18.19,17.91,47.45,13,8.52,59.40,3838,23.30,2.11,1918,22149,5869.82,1.16,8883.18,-0.83
2019,אופקים,30662.0,6.92,16.53,18.23,41.68000000000001,11,12.26,50.24,1551,26.60,1.84,295,3342,9398.05,0.38,11301.74,-1.31
2019,אור יהודה,36813.0,7.06,14.1,20.22,41.379999999999995,7,13.76,72.31,1244,40.50,2.31,1920,18941,8953.88,4.59,10284.18,1.14
2019,אור עקיבא,18972.0,5.8,13.1,20.73,39.629999999999995,5,14.65,82.74,832,27.20,1.97,789,9833,8315.83,2.06,8808.06,0.0
2019,אורנית,8955.0,7.82,12.24,19.07,39.13,1,48.79,83.70,566,..,3.45,581,4247,13425.2,0.92,11520.67,-0.24
2019,אזור,12957.0,5.07,12.77,22.14,39.980000000000004,-,21.82,76.67,-,36.10,2.29,753,6085,10266.17,4.06,11943.17,0.85
2019,אילת,52299.0,6.45,15.75,22.11,44.31,8,10.82,66.28,1988,23.10,1.89,2888,33651,8745.44,3.33,11275.76,0.64
2019,אכסאל,14784.0,10.79,18.45,18.76,48.0,5,13.55,59.24,966,24.70,2.47,726,5889,6840.92,1.05,10688.76,-2.06
2019,אליכין,3415.0,7.88,14.41,16.13,38.42,-,26.27,60.78,-,..,2.84,281,4400,12479.68,-0.43,13126.48,-1.29
2019,אלעד,48763.0,13.24,11.31,17.75,42.3,34,11.17,28.61,4002,16.70,1.15,1166,14571,6518.74,0.69,8054.14,-1.65
2019,אלפי מנשה,7952.0,8.75,11.17,19.04,38.96,-,36.51,81.20,-,..,2.56,455,4007,12265.49,1.07,12668.36,4.43
2019,אלקנה,3838.0,7.45,15.06,16.86,39.370000000000005,2,68.87,96.83,399,..,6.72,145,1985,12268.21,-0.17,13370.67,-3.42
2019,אעבלין,13305.0,10.11,17.42,19.26,46.790000000000006,4,12.12,58.13,1468,40.30,2.54,503,5497,6617.76,1.59,7890.89,-5.44
2019,אפרת,10806.0,9.62,13.87,18.32,41.81,3,49.67,84.42,674,63.10,5.37,410,5092,10598.02,2.35,14743.35,7.58
2019,אריאל,20540.0,5.11,22.81,18.14,46.06,2,24.13,90.36,439,37,11.98,657,10596,9670.02,2.89,9951.24,3.95
2019,אשדוד,225939.0,7.51,13.2,17.25,37.96,58,15.32,56.99,11787,35.10,2.11,7454,109476,8922.5,1.91,9738.22,0.97
2019,אשקלון,144073.0,6.05,12.82,19.8,38.67,21,19.22,72.04,5379,38.40,2.37,5044,69453,8847.26,2.83,9777.04,0.85
2019,באקה אל-גרביה,29950.0,11.2,17.12,19.11,47.43,6,12.74,67.66,1997,32.70,2.96,1452,15273,7172.39,2.38,9399.45,-1.44
2019,באר יעקב,27768.0,6.51,10.39,26.39,43.29,8,33.83,71.27,1461,19.60,1.91,1032,10789,12107.93,3.23,12913.09,2.67
2019,באר שבע,209687.0,6.26,14.3,19.32,39.88,31,21.6,76.12,8194,34.30,3.66,6013,109665,9546.31,2.57,10497.27,4.05
2019,בועיינה-נוג'ידאת,9812.0,10.96,18.95,20.17,50.08,2,10.68,64.56,659,31.80,2.91,253,4498,6057.05,1.64,8578.53,0.81
2019,בוקעאתא,6610.0,9.12,16.73,20.95,46.8,1,6.18,84.75,327,..,2.62,341,2813,5807.57,3.04,7291.52,3.76
2019,ביר אל-מכסור,9522.0,9.97,18.17,19.13,47.269999999999996,1,7.88,41.67,533,15.50,1.74,224,4169,6455.2,1.3,8204.48,-7.89
2019,בית אל,5973.0,19.97,19.82,10.7,50.489999999999995,4,47.92,89.76,1026,39.30,6.44,138,2932,7988.32,5.14,8690.79,1.17
2019,בית אריה-עופרים,5253.0,8.62,12.96,19.23,40.81,-,29.95,82.43,-,..,3.12,249,2574,11357.39,1.58,13528.3,9.83
2019,בית ג'ן,12001.0,8.85,18.6,21.66,49.11,1,15.76,92.31,606,36.10,3.52,400,5839,7593.13,0.64,6678.4,8.11
2019,בית דגן,7285.0,8.77,14.62,17.16,40.55,-,26.05,85.84,-,42.50,3.13,394,3562,10489.59,2.13,11801.08,-0.04
2019,בית שאן,18464.0,7.7,15.68,17.82,41.2,6,13.14,64.18,804,30.70,2.44,610,10402,8107.6,4.16,10003.22,2.75
2019,בית שמש,124957.0,9.41,14.28,16.09,39.78,57,10.43,35.69,7329,26.60,1.63,2954,38535,7298.78,2.34,8825.37,-0.88
2019,ביתר עילית,59270.0,10.18,13.56,14.87,38.61,42,5.91,11.14,4595,19.30,0.93,1042,16188,5314.51,1.75,7135.22,-3.88
2019,בני ברק,204639.0,10.48,15.86,15.07,41.41,107,7.19,6.22,18143,9.60,0.81,4289,65137,6468.88,2.69,8596.71,-0.29
2019,"בני עי""ש",6978.0,6.08,12.8,17.17,36.050000000000004,-,12.23,66.28,-,..,2.25,215,3968,8419.18,1.77,8541.01,11.31
2019,בנימינה-גבעת עדה*,15847.0,9.33,10.24,18.89,38.46,2,60.46,81.97,776,42,3.08,936,6698,13951.21,2.03,13009.55,-1.29
2019,"בסמ""ה",10010.0,11.34,18.92,18.01,48.27,2,12.67,57.75,622,25.50,2.41,312,4270,6175.78,0.26,8476.05,-0.83
2019,בסמת טבעון,7916.0,10.76,17.8,18.89,47.45,1,8.11,63.01,351,29.50,2.05,225,3583,6491.08,0.62,8308.44,-7.58
2019,בענה,8381.0,11.2,18.47,19.09,48.76,2,7.86,60.33,676,39.10,2.85,205,2240,5702.54,5.72,9845.0,6.74
2019,בת ים,129013.0,4.93,10.59,20.51,36.03,17,9.8,74.03,3578,27.20,1.45,5872,68837,8233.33,3.31,9190.45,1.1
2019,גבעת זאב,18420.0,6.45,15.42,17.05,38.92,1,22.05,46.94,11,34.90,2.91,715,7545,9420.65,2.32,9998.48,-1.95
2019,גבעת שמואל,26578.0,7.4,13.16,18.99,39.55,3,57.95,90.76,844,62.80,5.6,1160,11980,13311.35,2.59,13834.31,-4.23
2019,גבעתיים,60644.0,4.67,11.18,26.4,42.25,5,55.35,92.79,2585,52.20,4.1,3601,28542,14052.98,3.34,13301.28,0.28
2019,ג'דיידה-מכר,21163.0,11.31,17.79,18.34,47.44,4,10.03,61.50,1120,33.40,2.24,731,9662,6258.65,2.52,9194.24,-1.6
2019,גדרה,28313.0,10.52,11.4,18.09,40.010000000000005,6,42.77,87.70,1828,43.70,3.04,1070,12168,11726.32,1.04,11496.27,-1.21
2019,ג'ולס,6465.0,9.31,18.5,21.14,48.95,1,19.55,71.30,294,..,3.97,197,3212,8365.49,0.36,6014.9,1.51
2019,ג'לג'וליה,10148.0,11.27,18.03,16.48,45.78,1,10.28,61.71,513,23.60,2.5,383,4300,5829.96,2.46,8300.37,5.77
2019,גן יבנה,23869.0,10.01,14.61,16.82,41.44,2,32.69,84.54,1162,43.20,3.79,1002,11992,11358.82,0.58,11066.32,-1.77
2019,גני תקווה,20398.0,7.26,9.2,19.28,35.74,2,53.99,83.61,674,56.20,2.91,1052,8754,14415.26,3.16,14689.08,-5.02
2019,ג'סר א-זרקא,14930.0,11.54,17.59,19.24,48.37,2,2.09,37.50,708,9.40,0.83,132,7136,5766.84,2.15,8671.52,15.1
2019,ג'ש (גוש חלב),3105.0,8.28,15.91,19.65,43.839999999999996,1,25.58,68.29,172,..,4.4,221,1501,8899.89,0.54,10272.32,-9.33
2019,ג'ת,12100.0,10.12,18.07,18.54,46.73,1,24.6,68.42,662,39.50,4.38,347,2960,8069.11,3.93,8540.55,1.73
2019,דאלית אל-כרמל,17653.0,7.85,15.91,22.16,45.92,2,14.85,82.45,498,27.40,3.11,1108,9672,8106.3,0.86,8076.78,0.09
2019,דבורייה,10510.0,11.03,17.22,16.94,45.19,1,16.21,59.36,638,40,3.35,511,4664,7037.56,0.14,9065.55,-6.24
2019,דייר אל-אסד,12514.0,10.84,17.94,19.28,48.06,1,13.04,65.16,623,27,2.94,315,3404,7697.75,8.97,9966.83,6.41
2019,דייר חנא,10339.0,9.78,18.14,19.57,47.49,1,15.33,89.33,534,29.40,3.32,366,4910,6896.15,1.86,8727.62,-0.07
2019,דימונה,34500.0,7.9,14.93,18.5,41.33,10,11.67,69.33,1747,26,2.09,835,19341,9563.13,1.52,9706.25,2.52
2019,הוד השרון,63175.0,7.06,10.79,19.41,37.26,6,54.35,86.50,2740,52.10,3.18,3632,28596,13867.6,2.09,13441.11,2.0
2019,הר אדר,4088.0,9.74,13.38,13.89,37.010000000000005,-,55.7,90.48,-,..,4.97,225,1897,13956.9,-3.04,14682.12,-4.45
2019,הרצלייה,97470.0,5.73,11.27,20.88,37.879999999999995,10,44.95,84.38,3426,51.10,3.4,5978,45920,12760.05,3.46,12581.19,3.34
2019,זכרון יעקב,23206.0,9.28,12.53,15.55,37.36,8,52.58,85.53,1530,49.30,3.56,1287,10388,13301.36,-0.61,11749.29,2.32
2019,זמר,7094.0,9.67,17.51,18.61,45.79,1,12.73,57.86,660,33.60,2.7,347,2983,7133.98,2.0,8180.14,-0.59
2019,זרזיר,8119.0,10.14,18.59,19.02,47.75,1,10.02,59.73,499,23,2.2,177,3687,6512.98,1.17,9997.61,7.07
2019,חדרה,97335.0,6.38,12.62,20.25,39.25,21,22.25,68.27,3912,31.40,2.24,4157,48802,9439.26,2.51,9712.55,0.6
2019,חולון,196282.0,6.17,11.27,20.89,38.33,22,23.15,76.67,6453,41.40,2.3,9984,96404,10046.35,3.2,10748.69,2.53
2019,חורה,22337.0,12.53,16.27,13.92,42.72,7,10.6,54.46,1885,23,1.99,273,5382,6088.76,-2.6,11015.72,17.56
2019,חורפיש,6410.0,9.73,17.5,21.56,48.79,1,22.69,91.15,358,44.50,4.37,278,2809,8486.62,-0.7,6947.71,17.39
2019,חיפה,285316.0,5.58,13.2,19.22,38.0,50,33.89,74.74,12278,46.70,4.81,11621,137442,10798.16,2.96,11029.11,-0.47
2019,חצור הגלילית,9272.0,8.36,15.16,16.87,40.39,5,13.11,50.78,846,19.20,2.25,352,5046,7823.19,1.98,8460.28,-4.11
2019,חריש,13232.0,2.82,10.54,28.64,42.0,-,28.99,64.29,-,..,1.76,376,4473,9224.82,-0.59,8395.07,-6.16
2019,טבריה,44779.0,7.37,15.16,16.69,39.22,16,10.07,61.43,2604,29.10,1.84,1742,22350,7508.23,5.68,8512.48,4.43
2019,טובא-זנגרייה,6776.0,10.14,18.18,20.94,49.260000000000005,1,6.86,62.70,281,..,2.02,151,3008,6124.82,-1.14,9031.91,-8.31
2019,טורעאן,14240.0,10.35,18.3,18.2,46.849999999999994,1,14.52,65.27,658,26.90,2.89,652,5665,6393.03,0.97,10839.02,-8.38
2019,טייבה,43957.0,10.84,16.99,17.96,45.79,4,13.49,74.28,2624,29.90,3.01,1763,19364,6533.4,3.63,8478.28,0.14
2019,טירה,26552.0,9.62,17.75,19.58,46.949999999999996,7,16.47,62.48,1563,34.10,3.05,1163,11392,6984.08,1.04,8720.55,0.44
2019,טירת כרמל,23112.0,5.45,12.69,22.4,40.54,3,17.39,75.53,584,24.30,2.21,750,11760,9024.84,5.86,8893.37,-3.19
2019,טמרה,34392.0,10.76,17.42,19.12,47.3,9,12.19,60.25,2284,31.30,2.88,1177,14717,6122.47,1.59,9353.4,-2.74
2019,יאנוח-ג'ת,6679.0,9.66,17.77,21.77,49.2,1,16.21,82.76,336,35.40,2.82,204,3093,7991.74,1.86,7102.5,-0.58
2019,יבנאל,4243.0,9.0,12.16,15.3,36.46,3,15.85,54.93,142,..,1.85,208,1481,7167.92,2.69,7360.1,-1.67
2019,יבנה,47585.0,5.87,11.76,22.47,40.099999999999994,7,29.65,79.77,1456,40.30,2.51,1944,23260,10496.54,3.43,11591.36,1.66
2019,יהוד,29928.0,7.23,11.77,18.16,37.16,3,35.07,85.46,1805,47.90,2.9,1645,15374,11837.49,2.9,12343.53,0.16
2019,יסוד המעלה,1730.0,8.5,13.93,16.42,38.85,-,46.29,-,-,..,4.1,176,2449,10914.55,0.73,12796.62,-6.24
2019,יפיע,19151.0,10.26,18.11,18.68,47.05,4,12.16,69.81,1027,37,3.05,695,8210,6442.32,2.09,9490.9,1.73
2019,יקנעם עילית,23796.0,8.53,12.17,19.17,39.870000000000005,1,38.99,80.56,848,37.80,2.87,699,11956,11690.85,2.87,11418.72,-1.49
2019,ירוחם,10294.0,8.96,16.34,18.02,43.32,3,21.43,65.19,470,39.90,3.1,213,5090,8686.85,2.81,8920.95,2.86
2019,ירושלים,936425.0,9.47,16.5,16.65,42.62,353,16.35,38.32,58932,22.30,2.68,27472,331224,7990.49,2.82,9618.77,0.35
2019,ירכא,17171.0,10.33,18.32,20.32,48.97,7,12.34,80.92,1180,26.30,3.05,709,7149,7084.69,1.25,8040.71,-7.73
2019,כאבול,14095.0,10.69,17.43,19.21,47.33,1,15.17,80.47,650,35.60,3.18,407,5172,6669.41,1.65,7816.33,-0.13
2019,כאוכב אבו אל-היג'א,3589.0,10.03,15.85,19.7,45.58,1,20.99,92.31,247,..,4.01,120,1466,7426.09,3.67,7410.32,-11.26
2019,כוכב יאיר,8702.0,8.45,16.15,12.82,37.42,-,62.77,93.37,-,55,5.24,716,5843,13721.87,1.2,14559.47,-2.12
2019,כסיפה,21866.0,12.01,16.99,14.85,43.85,4,12.2,51.69,1660,21.10,2.28,144,4982,6198.66,0.95,10762.61,13.57
2019,כסרא-סמיע,8818.0,10.17,18.6,21.01,49.78,2,13.11,93.29,480,18.30,2.47,289,3690,8243.97,2.57,6726.08,-7.19
2019,כעביה-טבאש-חג'אג'רה,5504.0,10.66,19.08,17.81,47.55,1,12.83,66.67,358,..,2.61,120,2394,6668.37,2.38,7325.77,-14.87
2019,כפר ברא,3678.0,11.94,20.64,16.31,48.89,-,15.39,65.79,-,..,3.4,180,1563,6887.62,3.16,10032.21,5.49
2019,כפר ורדים,5486.0,9.48,13.38,13.42,36.28,2,55.31,82.46,398,..,4.45,336,2833,13490.73,0.91,9758.0,-0.1
2019,כפר יאסיף,10133.0,8.87,16.74,20.45,46.06,1,20.97,71.82,619,33.60,3.08,629,4764,7263.71,0.59,8592.23,0.93
2019,כפר יונה,24778.0,7.62,11.89,21.48,40.99,1,35.76,80.30,838,37.30,2.29,1231,10873,11320.79,2.64,11976.82,4.79
2019,כפר כמא,3373.0,7.68,16.81,20.58,45.06999999999999,-,23.19,53.57,-,..,4.81,133,1670,9045.25,3.09,9562.28,2.71
2019,כפר כנא,22751.0,11.21,18.12,17.96,47.290000000000006,5,10.77,65.75,1585,29.60,2.53,796,9233,5824.63,0.15,9256.89,-2.54
2019,כפר מנדא,20188.0,11.74,19.75,18.08,49.57,3,10.46,79.09,1294,18.30,2.13,693,7650,5390.65,0.43,10194.13,4.63
2019,כפר סבא,101432.0,6.17,9.67,20.17,36.010000000000005,14,47.69,81.36,4085,45.60,2.64,5513,49314,12686.89,1.92,12260.36,-0.43
2019,כפר קאסם,23823.0,11.28,18.84,17.78,47.9,4,12.02,70.66,1689,23.10,2.75,1059,10295,6392.22,1.07,8338.99,1.66
2019,כפר קרע,19018.0,9.6,18.15,19.3,47.05,6,17.97,59.82,1223,32.50,2.63,823,8917,7506.78,1.19,9286.05,2.52
2019,כפר שמריהו,1938.0,8.67,10.42,12.8,31.89,-,46.97,-,-,..,3.58,148,767,16403.42,3.46,17746.87,28.81
2019,כפר תבור,4311.0,8.88,11.88,16.68,37.44,-,52.48,86.84,-,..,4.53,255,2164,12758.01,1.44,13128.45,0.28
2019,כרמיאל,46252.0,6.82,12.7,18.16,37.68,11,21.33,73.23,1942,37,3.02,1637,24388,9448.67,2.95,8967.3,-1.91
2019,להבים,6415.0,9.43,15.43,13.78,38.64,-,70.26,87.50,-,58.30,6.35,249,3353,16035.35,1.46,17340.05,-1.46
2019,לוד,77223.0,7.72,13.86,18.03,39.61,18,11.39,57.07,4304,25.30,1.97,2255,37492,8088.01,4.22,9187.96,1.7
2019,לקיה,14075.0,11.8,17.02,15.03,43.85,3,9.65,43.91,992,14.10,1.87,173,4327,5947.31,0.04,9789.11,-10.37
2019,מבשרת ציון,24052.0,7.06,13.6,17.89,38.55,3,42.52,80.73,1025,51.70,4.22,1318,12907,12147.89,0.94,12561.41,-0.71
2019,מגאר,22957.0,9.49,18.97,21.45,49.91,4,13.24,76.59,1167,37.70,2.98,888,10043,7065.69,2.1,8512.63,-3.19
2019,מג'ד אל-כרום,15455.0,10.99,17.81,18.98,47.78,7,10.04,65.19,1114,28.20,2.67,810,10924,6141.86,0.1,9098.21,-1.42
2019,מגדל,1952.0,6.61,13.27,17.73,37.61,-,19.59,-,-,..,2.75,178,3226,6077.05,0.18,7924.66,-22.13
2019,מגדל העמק,25675.0,8.45,13.37,17.55,39.370000000000005,9,13.83,64.94,1480,30.20,2.13,729,13679,8065.23,3.08,8855.71,3.36
2019,מג'דל שמס,11180.0,8.92,15.49,21.24,45.65,1,7.42,68.69,554,41.40,3.05,863,4718,5573.21,2.03,7824.47,1.4
2019,מודיעין עילית,76374.0,9.63,11.94,15.97,37.54,39,3.79,3.20,6014,53.80,3.78,1173,14467,5092.41,1.71,5868.17,-4.01
2019,מודיעין-מכבים-רעות*,93277.0,10.01,11.39,17.47,38.87,15,54.79,90.92,5702,10.20,0.43,3874,43770,14092.2,1.23,13282.52,-1.42
2019,מזכרת בתיה,14837.0,8.86,11.11,18.82,38.79,2,53.79,83.89,744,50,3.56,443,3452,13397.33,2.47,12445.85,12.35
2019,מזרעה,3929.0,7.74,20.36,18.61,46.71,-,10.2,60.38,-,..,1.97,167,1994,6753.67,0.6,7429.35,-10.24
2019,מטולה,1615.0,5.88,20.93,19.2,46.01,-,38.79,-,-,..,8.94,110,943,9523.49,5.51,10704.98,0.91
2019,מיתר,9418.0,7.9,12.09,19.04,39.03,1,63.52,88.24,449,50,4.63,374,4869,15289.65,1.81,13070.84,-5.07
2019,מסעדה,3714.0,8.99,14.03,22.19,45.21,1,5.42,87.72,307,..,2.73,271,1527,5601.18,1.27,7138.17,-2.59
2019,מעיליא,3244.0,8.23,13.41,19.08,40.72,1,31.46,75.44,370,..,3.97,167,1576,9671.43,1.3,10387.55,-6.87
2019,מעלה אדומים,38155.0,8.45,15.6,16.97,41.019999999999996,8,24.87,87.33,2130,43.90,3.87,1209,20374,9957.08,2.81,10434.76,-2.29
2019,מעלה אפרים,1260.0,6.43,17.7,16.98,41.11,1,18.74,-,104,..,2.76,44,768,8003.64,3.84,7052.35,-6.82
2019,מעלה עירון,15065.0,11.64,18.94,17.65,48.230000000000004,2,10.61,59.94,840,23.70,2.03,492,6297,6037.92,-0.41,9803.62,3.12
2019,מעלות-תרשיחא,21836.0,6.93,14.14,17.68,38.75,4,18.36,69.73,962,42.60,2.75,751,11594,8774.8,1.67,9574.36,-2.27
2019,מצפה רמון,5211.0,10.78,20.73,17.56,49.06999999999999,2,22.75,87.93,332,30.90,3.28,200,2711,7769.81,1.56,9664.57,4.53
2019,משהד,8373.0,10.31,19.14,18.74,48.19,3,10.59,65.08,686,35,2.7,276,3155,6007.4,0.21,9458.33,-8.88
2019,נהרייה,58096.0,6.67,11.72,18.54,36.93,8,21.25,71.49,1940,39.70,2.64,2276,29907,9912.39,2.55,10994.92,1.87
2019,נוף הגליל,41734.0,6.35,13.09,18.16,37.599999999999994,6,16.56,64.78,940,37,2.42,1291,22440,8107.28,1.89,9345.65,-1.28
2019,נחף,13113.0,11.66,18.2,18.89,48.75,3,12.44,41.11,848,38.10,3.11,452,5353,6226.32,-0.57,7759.81,0.13
2019,נס ציונה,50351.0,7.69,9.81,20.1,37.6,7,50.99,87.75,1990,53.50,3.11,2207,22094,13332.96,0.66,13096.98,0.13
2019,נצרת,77445.0,9.62,17.66,18.67,45.95,24,15.01,56.49,6340,34,2.82,3356,36034,6959.33,2.52,9595.69,-4.03
2019,נשר,24148.0,5.6,13.44,20.53,39.57,2,29.66,78.48,603,48.40,4.68,915,12525,11110.01,3.32,10847.47,6.69
2019,נתיבות,37542.0,7.9,16.08,18.2,42.17999999999999,13,14.68,62.59,1568,31.40,2.27,1011,16311,7393.7,4.03,9807.3,-1.15
2019,נתניה,221353.0,6.2,11.91,19.16,37.269999999999996,29,22.35,73.36,8172,37.60,2.27,9814,103655,9293.14,3.23,10137.89,2.33
2019,סאג'ור,4270.0,10.0,19.77,22.51,52.28,1,16.12,78.48,173,..,3.68,144,2066,7987.95,2.3,6161.46,-2.19
2019,סביון*,4036.0,9.51,12.59,11.62,33.72,-,51.65,94.05,-,..,4.0,253,1776,17104.62,-0.24,16091.84,-5.87
2019,סח'נין,31702.0,9.76,16.85,20.46,47.07,6,15.78,70.92,1942,39.50,3.44,1291,14687,6711.56,1.49,8628.04,-3.95
2019,ע'ג'ר,2659.0,10.42,17.79,23.13,51.34,1,9.81,87.76,152,..,2.69,77,1176,7020.31,1.48,8311.64,18.7
2019,עומר,7530.0,8.26,11.29,14.67,34.22,1,59.72,86.89,399,..,4.06,402,4027,15739.48,-3.06,14222.79,-8.6
2019,עיילבון,5752.0,8.78,15.89,21.38,46.05,1,21.47,55.34,273,..,3.54,245,2648,8281.39,1.42,9176.8,2.04
2019,עילוט,8356.0,10.83,19.0,18.32,48.15,1,2.94,62.58,443,16,1.17,255,3070,5809.17,0.25,11325.61,-5.75
2019,עין מאהל,13335.0,11.71,18.62,17.92,48.25,3,9.3,34.93,900,21.30,1.96,332,5837,5646.35,-0.24,7514.45,-8.7
2019,עין קנייא,2098.0,9.63,15.25,21.54,46.42,-,6.65,89.19,-,..,2.88,120,927,6121.08,2.38,6860.52,-3.87
2019,עכו,49380.0,7.47,13.99,19.43,40.89,11,13.37,70.88,2458,34.20,2.42,1674,25456,7907.22,2.34,9746.57,2.27
2019,עמנואל,3906.0,7.35,17.08,13.57,38.0,1,6.68,43.28,90,..,0.79,90,1449,5541.34,4.91,5822.56,14.11
2019,עספיא,12503.0,8.45,15.36,22.07,45.879999999999995,2,14.38,84.51,619,26.80,2.96,418,4446,8509.35,6.13,7275.92,-8.03
2019,עפולה,54250.0,6.31,14.8,18.72,39.83,10,16.57,65.64,1959,33.50,2.89,1718,26295,8450.4,2.47,9626.77,0.67
2019,עראבה,25833.0,11.41,17.57,18.46,47.44,5,16.18,77.65,1543,30.20,2.96,939,10326,6558.36,0.1,10098.81,-0.21
2019,ערד,26756.0,6.6,15.48,14.98,37.06,6,12.36,51.48,1096,22.90,1.53,926,13539,7962.25,-0.72,7826.32,-3.68
2019,ערערה,25245.0,11.22,16.89,18.47,46.58,3,14.85,68.07,1037,17.90,2.32,661,8909,6843.41,0.98,8044.27,-3.1
2019,ערערה-בנגב,18332.0,12.56,18.4,13.86,44.82,5,7.26,25.41,1449,12.40,1.17,157,4822,5924.15,-2.78,10246.82,-11.39
2019,פוריידיס,13247.0,10.19,16.73,20.43,47.35,4,8.63,72.83,803,17,1.9,454,6156,6400.28,2.63,8431.06,2.22
2019,פסוטה,3172.0,7.44,15.83,21.12,44.39,-,23.54,74.19,-,..,4.56,223,1618,8581.73,1.86,9459.17,-5.44
2019,פקיעין (בוקייעה),5893.0,8.6,17.22,21.02,46.84,1,20.12,92.71,240,43.10,3.62,365,2597,8086.83,1.56,7702.11,2.64
2019,פרדס חנה-כרכור,43011.0,6.59,10.37,21.14,38.1,8,41.91,75.48,1176,30.10,2.43,2528,18680,10824.85,3.02,10337.8,-2.26
2019,פרדסייה,5930.0,6.59,15.48,17.64,39.71,-,48.06,90.80,-,48.20,4.3,416,3504,12905.72,2.56,11115.36,-1.58
2019,פתח תקווה,247956.0,6.69,10.85,20.06,37.599999999999994,54,33.22,74.84,11421,41.80,2.52,10411,122522,10999.69,2.69,11831.51,3.55
2019,צפת,36094.0,8.9,16.05,14.1,39.050000000000004,14,15.39,48.19,2093,33.10,2.72,1191,14790,6750.82,3.88,8167.45,4.36
2019,קדומים,4544.0,8.25,12.39,17.52,38.16,2,54.37,84.78,454,..,4.17,161,2129,9101.69,-2.34,9843.3,-10.6
2019,קדימה-צורן,22683.0,8.55,12.85,17.53,38.93,1,48.97,88.56,985,35.80,3.17,1334,11192,12692.31,2.44,12930.46,0.04
2019,קלנסווה,23143.0,11.21,17.71,17.76,46.68000000000001,4,11.7,59.06,1471,26,2.92,880,9807,6808.0,1.47,8845.16,4.21
2019,קצרין,7297.0,6.3,13.5,17.2,37.0,2,17.46,66.67,620,..,3.36,316,3961,7566.94,2.98,9956.11,11.95
2019,קריית אונו,40409.0,6.71,8.86,21.54,37.11,3,56.84,89.46,1788,55.80,3.3,1966,17445,14504.47,1.05,13912.59,2.62
2019,קריית ארבע,7326.0,9.95,16.6,15.49,42.04,2,26.43,68.33,418,35.70,4.5,179,3531,7167.87,4.71,8464.45,-6.54
2019,קריית אתא,59030.0,6.18,12.85,19.53,38.56,8,20.88,76.96,1843,42.50,2.53,2062,29219,9523.33,3.6,9907.56,1.53
2019,קריית ביאליק,40231.0,5.59,10.99,20.31,36.89,2,26.57,78.89,1414,34.30,2.63,1450,20347,10037.94,2.57,10325.37,0.12
2019,קריית גת,57105.0,6.66,15.11,18.18,39.95,14,13.83,63.80,2509,23.40,2.14,1723,28136,7950.23,3.77,9860.69,0.86
2019,קריית טבעון,18130.0,7.75,11.13,16.42,35.300000000000004,3,54.58,80.80,869,50.10,3.9,1024,7623,12598.1,1.66,10792.63,-1.67
2019,קריית ים,39897.0,5.08,11.14,19.28,35.5,3,13.46,66.92,975,35.20,1.93,1262,20276,8485.43,2.81,8407.44,-0.5
2019,קריית יערים,6128.0,9.5,18.82,15.06,43.38,2,15.67,24.07,207,..,2.13,192,1695,6692.15,3.73,8930.34,-14.72
2019,קריית מוצקין,43303.0,5.55,10.8,20.25,36.6,4,28.99,79.15,1602,38.30,2.78,1512,22267,10504.19,2.11,10954.21,5.46
2019,קריית מלאכי,23819.0,6.27,16.82,18.67,41.760000000000005,7,12.15,65.20,885,27.10,2.07,819,12168,7396.29,4.95,9620.93,5.49
2019,קריית עקרון,11001.0,6.37,15.1,18.52,39.989999999999995,1,15.5,72.46,197,35.70,2.68,525,5946,8869.99,2.84,10314.06,3.59
2019,קריית שמונה,22512.0,6.84,16.82,17.28,40.94,6,14.34,63.40,887,38.50,4.43,781,12637,8370.9,3.22,9574.72,0.38
2019,קרני שומרון,8135.0,7.71,16.68,18.55,42.94,1,38.94,76.32,306,..,4.64,312,4159,9800.8,3.88,9259.16,2.21
2019,ראמה,7728.0,8.55,17.24,19.73,45.519999999999996,3,20.53,75,914,38.70,3.39,413,3865,7972.82,1.11,8076.08,0.23
2019,ראש העין,61801.0,6.15,13.63,22.71,42.49,5,34.39,75.25,1685,38.40,3.16,2498,29013,11269.58,3.93,11079.51,-1.98
2019,ראש פינה,3148.0,6.61,13.69,16.45,36.75,-,38.35,72.73,-,..,4.28,2757,24422,11161.36,2.4,11755.46,0.79
2019,ראשון לציון,254384.0,6.46,12.99,19.47,38.92,30,26.26,81.73,9447,44.20,2.99,12342,132966,11058.81,2.93,11758.47,-0.3
2019,רהט,71437.0,12.37,18.68,14.87,45.919999999999995,11,7.49,57.43,3644,16.20,1.77,986,22321,5751.36,1.69,10445.82,-6.34
2019,רחובות,143904.0,6.03,11.02,21.03,38.08,28,39.02,77.01,6126,42.40,3.16,5564,67200,11348.2,3.3,11873.43,5.88
2019,ריינה,19001.0,10.5,18.65,17.99,47.14,3,8.92,59.32,1022,22.40,2.24,612,6894,6323.53,0.5,9294.8,-2.16
2019,רכסים,12668.0,10.49,16.57,14.34,41.400000000000006,9,7.82,15.93,855,20.70,1.12,257,3954,5740.25,1.64,6628.55,-2.73
2019,רמלה,76246.0,6.94,14.24,20.07,41.25,15,9.04,64.85,3293,25.40,1.73,2901,37716,8094.18,3.29,9922.78,0.02
2019,רמת גן,163480.0,4.95,12.64,24.08,41.67,15,42.17,83.90,6455,51.60,3.87,9427,78651,12339.15,4.08,12657.21,1.42
2019,רמת השרון,47245.0,7.01,9.15,18.26,34.42,5,55.9,79.26,2911,58.30,3.07,3155,20446,14348.31,-0.23,14330.95,4.66
2019,רמת ישי,7785.0,7.63,12.94,18.06,38.629999999999995,-,52.18,79.80,-,..,4.76,350,3942,13145.61,3.22,12372.52,12.93
2019,רעננה,75421.0,7.22,11.95,16.45,35.62,13,43.8,87.75,3644,55.80,3.54,4786,36620,12925.76,2.46,13019.42,0.86
2019,שבלי - אום אל-גנם,6053.0,11.35,15.91,17.96,45.22,1,11.03,56.25,355,..,2.26,246,2746,6707.98,0.64,10095.43,-0.06
2019,שגב-שלום,10936.0,12.7,18.01,14.29,45.0,3,7.6,36.41,1383,12.20,1.3,102,3209,5532.97,-0.87,9615.59,3.52
2019,שדרות,27635.0,5.62,17.98,20.45,44.05,4,17.65,78.44,752,34.20,3.99,843,13761,8424.61,4.1,10708.22,0.15
2019,שוהם,21045.0,11.17,16.65,12.63,40.45,2,59.41,91.91,1261,64.80,5.97,1030,11795,14543.86,1.66,14584.54,-1.87
2019,שלומי,6511.0,7.82,12.9,18.4,39.12,1,16.21,66,132,..,2.11,273,3424,9337.72,4.2,11004.43,-14.04
2019,שעב,7061.0,10.69,19.18,18.89,48.76,1,9.96,51.24,366,..,2.9,227,3049,6097.51,3.98,8150.92,4.95
2019,שפרעם,42137.0,10.2,17.77,18.68,46.65,9,11.31,56.50,2204,27.60,2.45,1463,18800,7105.65,3.25,9125.57,-4.78
2019,תל אביב -יפו,460613.0,4.23,13.93,28.48,46.64,68,44.63,74.39,13872,44.90,4.78,32674,236408,12590.86,0.72,12756.82,-0.31
2019,תל מונד,13144.0,10.24,12.91,15.92,39.07,1,53.31,91.48,690,54.80,3.56,817,6424,13787.64,1.87,13978.65,1.45
2019,תל שבע,20808.0,13.31,17.45,13.83,44.589999999999996,5,7.39,40.58,1358,11.20,1.59,212,5938,5288.02,-0.24,12196.38,-7.73
2018,אבו גוש,7543.0,9.51,17.59,19.95,47.05,3,39.34,24.50,294,10.7,20.4,157,3327,7271.28,2.25,10385.0,16.01
2018,אבו סנאן,13915.0,10.37,18.07,20.38,48.81999999999999,3,47.56,28.85,577,11.1,10.1,562,5621,6831.89,1.33,8302.72,6.94
2018,אבן יהודה,13700.0,7.79,9.7,19.14,36.629999999999995,3,76.92,26.20,1153,53.9,14.2,945,6366,14482.88,0.0,12087.38,-1.34
2018,אום אל-פחם,55183.0,11.65,17.84,17.96,47.45,13,44.27,27.44,3704,7.7,10.7,1845,20519,5851.76,2.73,8516.56,0.1
2018,אופקים,29021.0,7.16,16.95,17.8,41.91,11,33.77,22.97,1424,10.3,5.8,357,3391,10047.43,3.0,10730.33,10.88
2018,אור יהודה,36864.0,7.13,14.16,20.45,41.739999999999995,7,51.3,23.64,1111,12.6,11.8,1772,17634,8543.17,2.05,9751.84,0.32
2018,אור עקיבא,18237.0,6.2,13.53,20.64,40.370000000000005,5,61.3,20.46,798,12.7,9.1,785,9868,8248.94,4.08,8441.28,0.03
2018,אורנית,8807.0,7.78,11.65,20.07,39.5,1,79.47,27.80,417,46.0,13.4,605,4531,13915.11,2.41,11574.72,2.99
2018,אזור,12853.0,5.1,13.09,22.58,40.769999999999996,-,57.6,-,-,20.4,11.0,739,6164,9806.46,1.55,11630.1,2.21
2018,אילת,51935.0,6.45,16.25,22.23,44.93,7,62.06,22.93,1903,10.1,6.1,2628,32310,8521.74,2.65,11024.9,2.56
2018,אכסאל,14500.0,10.86,18.37,18.88,48.11,5,41.23,30.17,875,11.6,9.8,689,5597,6828.04,1.18,10554.27,2.78
2018,אליכין,3486.0,7.92,13.88,16.87,38.67,-,58.46,-,-,25.2,11.7,327,4756,12725.71,1.21,13196.9,1.11
2018,אלעד,47865.0,12.59,10.52,18.27,41.379999999999995,30,16.49,30.17,3500,10.2,6.5,1051,13514,6705.59,1.3,7795.3,3.26
2018,אלפי מנשה,7866.0,8.78,11.14,19.86,39.78,-,79.56,-,-,34.9,9.1,506,4035,12645.69,0.75,11833.27,7.58
2018,אלקנה,3812.0,7.03,15.87,16.95,39.849999999999994,2,86.84,25.13,377,63.5,43.4,163,1757,12224.48,1.57,15394.0,26.44
2018,אעבלין,13128.0,10.16,17.22,19.36,46.739999999999995,4,62.65,28.33,1388,11.1,15.7,510,5659,6609.76,1.28,8011.41,5.45
2018,אפרת,10088.0,9.4,15.02,17.48,41.900000000000006,3,81.02,26.22,603,45.8,21.3,394,4855,10800.15,2.19,12864.78,-3.65
2018,אריאל,20455.0,6.11,22.91,17.85,46.870000000000005,2,65.95,22.48,472,21.6,47.5,646,10180,9411.94,3.63,9233.26,5.35
2018,אשדוד,224629.0,7.52,13.3,17.52,38.34,54,48.11,24.94,11497,13.9,10.7,7004,104387,8808.09,2.04,9046.12,-2.1
2018,אשקלון,140967.0,6.1,13.15,19.84,39.09,21,60.25,24.33,5109,17.5,11.6,4962,69761,8557.93,3.04,9088.04,0.63
2018,באקה אל-גרביה,29394.0,11.23,16.8,19.22,47.25,6,47.87,27.11,1952,11.5,15.2,1194,12021,6983.89,3.29,8922.36,0.13
2018,באר יעקב,26123.0,6.83,10.52,26.62,43.97,7,53.75,22.87,1212,31.5,8.9,1207,12488,12017.03,3.05,12356.32,4.61
2018,באר שבע,209002.0,6.43,14.31,19.38,40.120000000000005,31,62.03,24.82,7693,19.6,15.9,5324,100890,9136.27,1.48,9575.99,1.4
2018,בועיינה-נוג'ידאת,9645.0,11.02,18.95,20.15,50.12,2,41.71,30.24,635,9.5,14.5,253,4118,6087.46,2.29,8151.57,-8.29
2018,בוקעאתא,6528.0,9.13,16.84,21.4,47.37,1,68.18,26.58,319,4.9,12.6,370,2636,5680.2,-0.97,6200.54,-0.97
2018,ביר אל-מכסור,9317.0,10.25,17.96,18.86,47.07,1,37.88,28.79,547,6.6,8.4,201,3833,6529.68,5.44,8643.92,-2.6
2018,בית אל,6042.0,18.01,18.49,11.17,47.67,4,75.52,27.17,951,43.2,23.3,131,2424,7528.18,-1.23,8087.72,-1.04
2018,בית אריה,5139.0,8.41,13.02,19.73,41.16,-,67.03,-,-,27.7,11.5,283,2669,11488.27,1.89,11628.7,3.78
2018,בית ג'ן,11865.0,8.89,18.88,21.47,49.239999999999995,1,78.33,26.50,636,13.6,14.5,409,5595,7536.81,3.86,5945.03,-1.8
2018,בית דגן,7211.0,8.03,14.6,17.38,40.01,-,72.0,-,-,24.1,13.9,380,3490,10534.09,0.18,11489.82,6.57
2018,בית שאן,18226.0,7.76,16.0,17.77,41.53,6,54.7,17.44,750,11.6,10.0,530,9789,7713.69,1.57,9144.47,1.65
2018,בית שמש,118676.0,9.03,14.46,16.15,39.64,52,32.41,25.28,6674,9.7,8.8,2714,36568,7163.27,1.11,8351.84,-2.49
2018,ביתר עילית,56746.0,9.86,13.43,15.16,38.45,38,5.84,28.71,4220,4.6,5.1,975,15374,5373.69,3.96,7131.08,3.6
2018,בני ברק,198863.0,10.45,15.78,14.87,41.099999999999994,107,4.72,29.54,17369,6.3,2.8,3663,59129,6223.99,2.28,7902.55,-0.85
2018,"בני עי""ש",7017.0,6.28,13.34,16.75,36.370000000000005,-,64.29,-,-,11.2,10.0,199,3756,8241.85,1.69,7274.77,0.99
2018,בנימינה-גבעת עדה*,15627.0,8.78,10.08,19.26,38.120000000000005,2,77.42,32.57,749,58.5,8.8,939,6830,14477.6,1.95,12721.8,5.97
2018,"בסמ""ה",9779.0,11.49,18.81,17.83,48.129999999999995,2,42.8,27,648,11.0,12.2,318,4110,6236.52,3.48,7672.63,-3.2
2018,בסמת טבעון,7835.0,10.9,17.6,18.75,47.25,1,53.1,27.54,358,7.7,9.2,239,3369,6583.85,4.84,8290.14,-1.78
2018,בענה,8300.0,11.55,17.81,19.28,48.64,2,55.1,25.65,667,7.2,14.6,275,3498,5499.23,2.63,8649.66,4.25
2018,בת ים,128774.0,4.89,10.81,20.7,36.4,17,58.88,22.88,3547,9.0,9.3,5414,65946,7732.19,1.44,8453.68,3.01
2018,גבעת זאב,17922.0,6.32,16.09,16.99,39.4,1,43.51,-,-,20.9,11.2,702,7552,8953.35,0.7,9683.89,4.82
2018,גבעת שמואל,26023.0,6.93,13.3,19.74,39.97,2,88.17,31.59,695,56.3,31.0,1181,11799,13281.64,0.47,14281.49,4.31
2018,גבעתיים,60212.0,4.55,11.16,26.67,42.38,5,86.92,31.75,2413,53.0,18.9,3504,29885,13304.26,0.5,12765.5,1.9
2018,ג'דיידה-מכר,20920.0,11.71,17.38,18.71,47.8,4,52.33,27.50,1100,8.8,11.6,670,9181,6229.07,3.48,8722.17,-4.76
2018,גדרה,28093.0,9.76,11.2,18.97,39.93,6,78.71,29.55,1655,40.4,11.9,1097,12285,12021.25,1.14,11738.79,2.2
2018,ג'ולס,6375.0,9.55,18.43,21.15,49.129999999999995,1,60.91,25.75,309,17.1,16.8,189,3171,8235.71,1.59,5833.75,6.93
2018,ג'לג'וליה,9983.0,11.43,17.69,16.56,45.68,1,64.44,33.13,497,9.0,15.2,369,4043,5782.65,4.62,7486.68,-1.38
2018,גן יבנה,23751.0,10.09,14.31,17.61,42.01,3,77.22,26.74,1150,30.4,14.0,1062,11878,11794.69,2.31,11173.18,0.87
2018,גני תקווה,19263.0,7.08,9.39,19.79,36.26,2,81.01,25.53,434,51.9,16.2,1097,9374,14719.96,1.73,14381.86,0.64
2018,ג'סר א-זרקא,14692.0,11.52,17.4,19.44,48.36,2,24.27,23.75,760,1.8,4.4,134,6311,5815.87,5.06,7100.28,-2.77
2018,ג'ש (גוש חלב),3090.0,7.93,16.21,19.51,43.650000000000006,1,76.36,24.86,174,23.5,24.8,223,1525,8811.0,3.05,10721.99,7.2
2018,ג'ת,11799.0,10.63,18.08,18.26,46.97,1,63.36,28.27,622,21.8,25.3,584,5384,7970.65,2.34,8098.93,4.9
2018,דאלית אל-כרמל,17426.0,8.0,16.26,22.01,46.27,2,58.33,21.26,489,13.0,13.5,908,7970,8024.37,2.98,7739.76,2.89
2018,דבורייה,10403.0,11.03,16.91,16.87,44.81,1,51.61,28.95,637,14.2,15.8,477,4298,6970.18,2.95,9147.07,-0.34
2018,דייר אל-אסד,12349.0,10.58,18.04,19.19,47.81,1,59.0,29.50,590,12.0,15.2,421,5268,7162.19,2.99,9013.08,-7.21
2018,דייר חנא,10259.0,9.92,18.0,19.62,47.540000000000006,1,81.03,29.59,503,13.4,16.1,365,4629,6762.96,3.89,8197.81,0.23
2018,דימונה,34135.0,7.84,15.11,18.59,41.54,10,62.73,22.60,1695,10.3,7.7,751,18059,9478.51,2.07,8836.24,2.18
2018,הוד השרון,62325.0,6.9,10.88,20.03,37.81,6,84.27,28.73,2614,52.2,14.8,3809,30172,14612.01,3.51,12854.06,3.39
2018,הר אדר,4056.0,9.54,13.14,14.74,37.42,-,85.88,-,-,54.9,12.4,252,2005,15283.71,0.44,16312.48,2.5
2018,הרצלייה,95142.0,5.53,11.32,21.11,37.96,10,79.15,26.62,3301,42.5,18.4,6015,46183,12612.23,1.45,12078.29,1.47
2018,זכרון יעקב,23075.0,8.91,12.55,16.21,37.67,8,75.68,27.31,1502,50.9,12.1,1322,10434,14023.47,0.1,11042.62,1.85
2018,זמר,6939.0,9.84,17.58,18.6,46.019999999999996,1,58.91,33.70,674,11.2,14.7,349,3001,7100.92,3.32,7621.87,4.21
2018,זרזיר,7942.0,10.34,18.57,19.05,47.96,1,46.76,28.44,455,8.3,10.6,164,3349,6527.12,5.23,8929.76,-12.44
2018,חדרה,95683.0,6.46,12.82,20.43,39.71,19,54.48,24.11,3689,20.6,9.5,4112,48693,9214.44,1.72,9129.72,1.93
2018,חולון,194273.0,6.11,11.32,21.25,38.68,22,65.06,26.74,5990,21.5,13.7,9581,94471,9631.72,1.38,9920.83,0.94
2018,חורה,21559.0,12.59,15.73,14.03,42.35,7,36.77,26.77,1713,9.4,10.5,209,4442,6421.81,4.23,7970.94,0.5
2018,חורפיש,6315.0,10.07,17.21,21.77,49.05,1,80.15,25.21,353,19.7,20.4,302,2857,8508.82,4.06,5901.62,-11.77
2018,חיפה,283640.0,5.74,13.3,19.21,38.25,49,63.72,27.01,11667,32.2,24.6,11071,134990,10212.09,-0.05,10446.91,0.35
2018,חצור הגלילית,9165.0,8.75,15.54,16.68,40.97,5,36.88,27.42,850,12.2,8.2,323,4620,7487.84,1.19,8159.76,5.68
2018,חריש,7569.0,2.48,10.66,29.13,42.269999999999996,-,52.38,-,-,29.9,12.2,507,6216,8781.13,0.1,7975.67,-3.47
2018,טבריה,44233.0,7.35,15.36,16.65,39.36,15,42.69,21.53,2498,8.9,7.6,1568,20722,6912.07,2.53,7694.15,-1.16
2018,טובא-זנגרייה,6667.0,10.74,17.89,21.24,49.870000000000005,1,36.61,28.89,260,5.5,9.7,156,3063,6336.78,5.84,9833.05,-0.3
2018,טורעאן,14036.0,10.59,18.04,18.36,46.989999999999995,1,46.18,33.72,607,13.2,15.3,649,5616,6381.96,4.0,11272.39,-4.31
2018,טייבה,43128.0,10.73,16.78,17.88,45.39,4,58.48,33.04,2544,11.9,16.2,1734,17973,6438.24,2.69,8138.22,4.3
2018,טירה,26163.0,9.74,17.92,19.31,46.97,7,51.0,28.44,1422,14.7,16.0,1315,11728,6987.97,2.5,8211.27,2.44
2018,טירת כרמל,22209.0,5.68,13.41,22.0,41.09,3,57.65,25.52,536,14.2,8.2,724,11928,8694.19,3.97,8409.9,0.74
2018,טמרה,33851.0,10.72,17.36,19.27,47.349999999999994,9,45.87,25.67,2233,10.5,14.7,1101,14052,6089.86,2.61,9181.07,-1.37
2018,יאנוח-ג'ת,6614.0,9.83,18.32,21.73,49.879999999999995,1,56.1,27,324,14.4,12.7,200,3100,7942.09,3.61,6903.27,3.42
2018,יבנאל,4294.0,8.38,12.65,15.18,36.21,2,46.15,13.36,147,13.8,8.3,218,1356,7108.97,7.99,6549.84,-0.73
2018,יבנה,46705.0,5.94,12.26,22.79,40.989999999999995,8,72.12,24.63,1379,26.6,13.4,2004,23669,10515.49,3.09,10950.93,1.07
2018,יהוד,29929.0,7.08,11.93,18.58,37.589999999999996,3,71.6,29.18,1780,33.9,13.6,1627,15194,11702.48,0.6,12109.05,0.4
2018,יסוד המעלה,1719.0,9.19,12.8,17.1,39.09,-,72.41,-,-,43.5,7.9,185,2497,10870.46,2.75,13583.32,6.44
2018,יפיע,18905.0,10.43,17.85,18.67,46.95,4,65.92,26.17,942,10.8,14.9,712,7993,6351.5,2.88,9049.33,1.97
2018,יקנעם עילית,23311.0,8.55,11.9,19.69,40.14,1,64.32,26.73,802,36.5,9.4,702,12555,11751.53,1.51,10843.0,0.32
2018,ירוחם,9975.0,9.51,15.73,18.04,43.28,3,53.85,20.86,459,17.9,10.4,205,4929,8572.5,1.95,9114.79,-3.34
2018,ירושלים,919438.0,9.48,16.47,16.65,42.599999999999994,343,32.4,27.07,54357,15.0,10.8,25248,306765,7635.67,0.61,8945.07,0.58
2018,ירכא,17002.0,10.69,18.04,20.14,48.87,7,52.47,27.90,1088,11.1,12.5,674,6436,7154.49,1.72,8065.92,3.52
2018,כאבול,13854.0,10.74,17.34,19.5,47.58,1,60.91,28.41,625,13.5,16.6,370,4912,6601.47,1.99,7416.22,1.84
2018,כאוכב אבו אל-היג'א,3526.0,10.24,15.88,19.51,45.63,1,78.95,25.78,232,18.8,21.9,117,1674,7315.62,2.02,8122.62,10.74
2018,כוכב יאיר,8772.0,8.72,16.74,12.69,38.15,-,84.08,-,-,59.4,15.4,665,5011,14862.37,1.06,14299.81,3.98
2018,כסיפה,21079.0,12.1,17.03,14.77,43.900000000000006,4,43.11,26.35,1581,10.1,10.6,156,4685,6343.48,3.73,9013.52,2.01
2018,כסרא-סמיע,8649.0,10.01,19.02,20.93,49.96,2,58.49,24.50,441,11.5,12.3,255,3646,8028.71,6.52,6887.09,6.13
2018,כעביה-טבאש-חג'אג'רה,5409.0,10.67,19.39,17.56,47.620000000000005,1,54.95,27,351,11.3,13.2,126,2409,6658.52,4.13,8328.48,0.93
2018,כפר ברא,3594.0,12.6,19.78,16.11,48.49,-,63.44,-,-,13.1,11.2,163,1546,6704.35,0.69,9416.9,17.15
2018,כפר ורדים,5579.0,9.64,13.69,13.89,37.22,2,75.63,27.33,328,53.2,9.8,361,2801,13897.1,0.63,9782.77,2.4
2018,כפר יאסיף,10029.0,9.1,16.82,20.51,46.43000000000001,1,63.58,29.58,562,19.0,16.0,617,4739,7293.88,2.32,8144.34,0.51
2018,כפר יונה,23061.0,7.76,11.97,21.46,41.19,1,55.63,31.48,724,33.8,9.1,1291,11405,11568.8,3.44,10817.68,-1.12
2018,כפר כמא,3332.0,7.83,17.17,20.11,45.11,-,61.9,-,-,19.8,23.4,131,1674,8726.61,2.71,9162.16,4.37
2018,כפר כנא,22399.0,11.42,17.92,17.92,47.260000000000005,5,46.87,29.58,1538,9.5,14.8,767,8739,5848.88,3.81,9187.41,1.8
2018,כפר מנדא,19843.0,11.89,19.59,18.13,49.61,3,52.37,27.47,1236,9.5,10.3,652,7290,5395.28,1.59,9182.09,0.09
2018,כפר סבא,100764.0,5.88,9.89,20.79,36.56,13,75.29,25.43,4221,45.3,14.4,5414,49701,12773.23,0.5,11831.33,2.33
2018,כפר קאסם,23242.0,11.4,18.59,17.91,47.900000000000006,4,56.53,26.98,1592,10.7,13.6,1034,9621,6425.51,4.37,7701.37,-2.14
2018,כפר קרע,18675.0,9.7,18.13,19.31,47.14,6,53.09,28.12,1181,16.6,12.8,806,8594,7492.61,2.69,8579.57,-2.93
2018,כפר שמריהו,1890.0,7.41,10.58,13.44,31.43,-,91.67,-,-,44.0,27.7,145,789,15714.17,-6.62,13655.01,1.12
2018,כפר תבור,4262.0,8.63,12.15,17.2,37.980000000000004,-,85.29,-,-,49.4,13.4,273,2205,13091.71,0.46,12682.53,6.69
2018,כרמיאל,46124.0,7.03,12.74,18.3,38.07,11,59.71,21.09,1835,19.6,12.9,1560,23990,9150.84,1.33,8753.47,0.99
2018,להבים,6350.0,9.28,15.45,14.16,38.89,-,83.85,-,-,67.5,18.8,274,3436,16995.7,-0.21,16379.42,-5.96
2018,לוד,75726.0,7.7,13.97,18.11,39.78,18,43.88,25.42,4143,10.0,9.9,2024,35119,7734.76,3.09,8281.07,1.75
2018,לקיה,13394.0,11.59,16.94,15.07,43.6,3,33.33,28.46,996,8.4,8.8,187,4381,6009.66,2.84,9963.55,12.85
2018,מבשרת ציון,23962.0,6.92,13.9,18.17,38.99,3,70.59,25.64,1000,40.4,14.6,1252,11921,12332.57,0.57,11675.97,-0.94
2018,מגאר,22609.0,9.57,19.32,21.12,50.010000000000005,4,61.43,23.92,1148,11.1,14.6,816,9621,6918.32,3.71,8587.42,4.94
2018,מג'ד אל-כרום,15292.0,11.18,17.45,19.32,47.95,7,50.57,27.05,1055,8.7,14.4,529,6797,6120.26,2.79,8911.73,-5.4
2018,מגדל,1941.0,6.65,14.43,16.64,37.72,-,57.14,-,-,17.0,12.5,185,3241,6168.3,1.61,9161.87,23.03
2018,מגדל העמק,25636.0,8.29,13.52,17.73,39.54,9,44.86,21.44,1415,12.1,7.8,658,12817,7684.57,1.59,7711.31,-2.77
2018,מג'דל שמס,11045.0,8.96,15.32,21.52,45.8,1,64.67,27.68,526,6.2,19.3,864,4450,5524.23,2.6,7288.01,9.33
2018,מודיעין עילית,73080.0,8.97,11.96,16.16,37.09,37,1.16,33.87,5385,3.1,2.2,1179,15489,5157.52,4.1,5901.31,3.18
2018,מודיעין-מכבים-רעות*,92406.0,9.47,11.11,18.53,39.11,15,85.21,30.10,5147,52.2,14.4,4137,43544,14733.91,0.87,13419.61,4.01
2018,מזכרת בתיה,14680.0,8.5,11.12,19.65,39.269999999999996,1,80.0,27.58,662,50.8,14.3,474,3632,13695.5,2.0,10992.32,2.98
2018,מזרעה,3858.0,8.55,20.79,18.07,47.41,-,50.98,-,-,9.3,10.1,152,1958,6738.96,2.62,8185.87,2.75
2018,מטולה,1599.0,5.57,21.01,19.7,46.28,-,55.0,-,-,35.1,17.4,125,937,8945.48,-1.14,10513.53,-5.91
2018,מיתר,8438.0,8.39,12.27,17.78,38.44,1,84.7,29.64,415,61.2,13.8,380,5208,15718.29,0.07,13484.75,2.38
2018,מסעדה,3650.0,8.85,13.75,22.44,45.040000000000006,1,58.9,23.62,307,4.1,15.9,268,1507,5476.65,1.35,7064.09,12.52
2018,מעיליא,3254.0,8.08,13.74,18.72,40.54,1,81.25,27.77,361,28.2,32.0,171,1595,9439.0,1.88,10166.37,7.67
2018,מעלה אדומים,38193.0,8.48,15.6,17.26,41.34,8,74.21,25.69,1927,22.0,14.7,1193,19738,9869.19,1.65,10255.65,1.0
2018,מעלה אפרים,1241.0,9.02,17.57,17.32,43.91,1,43.75,15.67,94,16.3,6.0,39,726,7639.22,3.09,7501.21,-8.81
2018,מעלה עירון,14833.0,11.84,18.51,17.78,48.13,2,49.84,28.57,800,10.0,9.5,485,5799,6087.04,2.23,9027.41,3.67
2018,מעלות-תרשיחא,21423.0,7.32,14.25,17.84,39.41,4,62.3,23.97,935,16.4,11.3,708,11304,8647.09,3.65,9237.14,6.28
2018,מצפה רמון,5220.0,10.75,19.69,18.03,48.47,2,57.63,23.71,332,19.6,8.0,183,2452,7457.25,1.98,8335.73,10.2
2018,משהד,8219.0,10.83,18.79,18.76,48.379999999999995,3,39.66,22.69,658,9.5,14.9,295,3336,6002.72,3.98,9773.61,2.65
2018,נהרייה,56880.0,6.55,12.15,18.57,37.269999999999996,8,58.38,24.75,1906,19.7,10.8,2252,30279,9571.91,-1.6,10399.28,-1.51
2018,נחף,12845.0,11.6,18.12,19.03,48.75,3,45.24,21.92,855,11.2,15.5,420,5139,6199.73,2.6,7124.88,-0.02
2018,נס ציונה,50213.0,7.26,9.59,21.17,38.02,7,84.46,28.59,1801,48.5,15.4,2300,23018,13816.15,1.52,12711.01,1.74
2018,נצרת,77063.0,9.8,17.59,18.66,46.05,24,50.07,28.75,6094,13.8,15.1,3115,33276,6787.75,1.88,9338.41,0.83
2018,נצרת עילית,41169.0,6.61,13.17,18.09,37.870000000000005,5,63.53,22.08,883,15.5,12.7,1295,21974,7750.64,2.29,9227.7,0.4
2018,נשר,23982.0,5.52,13.75,20.42,39.69,1,69.14,23.67,568,27.8,17.2,867,12055,10493.46,2.85,10035.56,2.16
2018,נתיבות,35631.0,8.04,16.13,18.13,42.3,13,40.53,21.80,1548,12.6,9.8,950,15973,7179.86,3.8,9015.93,5.77
2018,נתניה,217243.0,6.12,12.1,19.45,37.67,29,57.64,24.83,7845,21.3,13.4,9419,100584,9045.68,1.62,9394.07,0.56
2018,סאג'ור,4209.0,10.0,19.84,23.12,52.96,1,53.33,18.33,165,14.1,12.7,137,2031,7879.85,3.87,5972.8,8.7
2018,סביון*,3969.0,8.92,12.35,12.02,33.29,-,93.42,-,-,51.0,21.0,272,1992,17941.35,0.89,15234.88,1.44
2018,סח'נין,31056.0,9.62,17.06,20.4,47.08,6,52.8,28.25,1921,13.8,17.4,1172,13698,6617.17,1.26,8768.61,5.03
2018,ע'ג'ר,2607.0,10.28,17.53,23.44,51.25,1,55.56,22.50,135,8.7,15.8,73,1121,7234.67,-0.82,7022.97,-6.55
2018,עומר,7586.0,7.92,10.9,15.94,34.76,1,86.36,31.67,380,58.3,14.5,404,4024,16814.88,0.04,15181.29,-0.37
2018,עיילבון,5703.0,8.8,16.36,21.11,46.269999999999996,1,46.73,35.75,286,19.8,19.7,253,2638,8179.97,3.26,8806.69,0.94
2018,עילוט,8192.0,10.62,19.29,18.57,48.48,1,53.24,27.47,412,2.2,8.1,254,2925,5794.58,3.1,11080.26,-2.62
2018,עין מאהל,13130.0,12.21,18.32,17.81,48.34,3,35.02,31.45,912,7.9,10.7,344,5482,5704.66,3.96,7846.1,1.96
2018,עין קנייא,2063.0,9.02,15.61,22.2,46.83,-,44.0,-,-,4.2,22.1,117,959,6095.91,1.01,6930.26,4.94
2018,עכו,48929.0,7.5,14.3,19.37,41.17,12,45.0,21.91,2344,12.2,10.9,1569,24451,7582.54,1.95,9012.18,-2.49
2018,עמנואל,3693.0,7.88,17.28,14.03,39.19,1,26.09,21.50,86,5.2,2.3,72,1316,5318.85,4.35,5219.28,7.02
2018,עספיא,12354.0,8.61,15.44,22.23,46.28,2,77.23,23.80,595,12.6,16.6,548,5628,8151.9,1.07,7471.84,5.26
2018,עפולה,51737.0,6.52,15.34,18.36,40.22,9,51.39,24.99,1674,14.5,11.7,1632,26494,8059.57,1.9,8835.03,-2.54
2018,עראבה,25369.0,11.33,17.35,18.64,47.32,5,61.31,25.74,1467,14.2,14.8,909,9740,6592.85,3.51,9782.99,5.34
2018,ערד,26451.0,6.7,15.98,15.11,37.79,5,46.85,27.65,1023,11.4,5.3,791,11694,7845.56,1.22,7483.19,4.18
2018,ערערה,24905.0,11.22,16.6,18.7,46.519999999999996,3,46.51,28,952,13.1,11.1,652,8377,6865.31,2.71,7557.99,-1.61
2018,ערערה-בנגב,17640.0,12.81,17.84,13.93,44.58,4,11.99,24.57,1327,6.2,5.9,151,4370,6160.49,2.38,9726.08,-9.89
2018,פוריידיס,13086.0,10.3,16.78,20.47,47.55,4,54.75,24.42,806,7.7,9.4,468,5769,6345.73,3.19,7936.61,-3.86
2018,פסוטה,3148.0,7.47,16.58,21.03,45.08,-,86.54,-,-,23.0,27.7,229,1555,8389.29,3.07,9523.05,-6.8
2018,פקיעין (בוקייעה),5815.0,8.51,17.4,21.32,47.23,1,81.63,24.33,219,18.2,16.6,357,2699,7826.46,3.28,7284.48,1.53
2018,פרדס חנה-כרכור,42084.0,6.35,10.55,21.75,38.65,8,61.22,23.71,972,38.9,7.9,2675,19378,10967.81,1.67,10141.63,0.81
2018,פרדסייה,5830.0,6.83,16.16,17.7,40.69,-,81.32,-,-,45.0,15.3,404,3393,13190.93,3.51,11790.22,-5.58
2018,פתח תקווה,244275.0,6.47,10.96,20.58,38.01,51,67.62,25.53,10799,31.5,14.7,10241,122907,10757.55,1.06,11102.95,1.71
2018,צפת,35716.0,9.41,15.98,13.88,39.27,14,35.86,24.36,2046,13.4,10.7,1055,12956,6370.1,1.69,7102.24,3.28
2018,קדומים,4595.0,7.46,12.95,17.41,37.82,2,81.05,22.42,426,51.1,20.7,157,1856,9600.8,-0.11,9642.5,5.18
2018,קדימה-צורן,22490.0,8.69,12.75,18.03,39.47,1,76.49,32.84,624,47.3,9.8,1371,10645,13262.64,0.17,12874.49,6.97
2018,קלנסווה,22788.0,11.34,17.51,17.88,46.730000000000004,4,55.35,28.54,1427,10.6,14.2,847,9184,6778.79,2.72,8281.65,1.85
2018,קצרין,7131.0,6.69,14.36,17.07,38.120000000000005,2,54.46,19.87,616,15.4,18.3,307,3713,7363.0,3.27,8325.93,6.02
2018,קריית אונו,39985.0,6.37,8.99,22.4,37.76,3,84.14,31.07,1771,54.6,18.7,2063,18327,14825.46,1.21,13749.8,1.49
2018,קריית ארבע,7322.0,9.96,16.58,15.58,42.12,2,58.62,21.89,394,24.0,17.6,142,3171,6582.03,0.74,8140.22,-4.04
2018,קריית אתא,58268.0,6.1,13.24,19.65,38.989999999999995,8,56.28,21.83,1768,19.0,11.3,2072,29481,9100.3,0.95,9371.69,-0.99
2018,קריית ביאליק,39927.0,5.44,11.46,20.5,37.400000000000006,2,61.06,25.35,1217,24.9,10.1,1383,20440,9569.52,0.46,9682.85,1.78
2018,קריית גת,54972.0,6.79,15.37,17.97,40.129999999999995,13,51.97,22.12,2345,11.7,8.8,1673,27907,7597.57,3.15,9300.77,-2.37
2018,קריית טבעון,18121.0,7.42,11.19,16.58,35.19,3,80.79,21.97,769,52.4,12.1,1073,7829,12344.11,-2.87,10769.65,-1.44
2018,קריית ים,39908.0,5.02,11.55,19.36,35.93,3,50.0,21.98,945,12.4,10.1,1155,19911,7965.66,0.47,8001.73,2.88
2018,קריית יערים,5565.0,10.6,18.4,14.47,43.47,2,12.35,24.88,199,15.0,6.0,198,1753,6447.03,4.73,10186.74,-9.58
2018,קריית מוצקין,42014.0,5.42,11.08,20.27,36.769999999999996,4,65.86,26.51,1617,27.0,12.8,1494,22895,10041.7,0.02,10413.89,3.52
2018,קריית מלאכי,23124.0,6.49,17.57,18.28,42.34,7,54.08,19.67,846,9.7,7.9,725,11532,6986.75,4.24,8542.55,1.43
2018,קריית עקרון,11000.0,6.49,15.55,18.37,40.41,1,65.35,27.29,191,13.9,9.8,480,5651,8518.99,2.85,9429.17,4.66
2018,קריית שמונה,22624.0,7.31,17.09,17.34,41.739999999999995,6,52.81,21.15,846,12.7,20.7,719,11912,7920.29,1.93,8954.71,1.44
2018,קרני שומרון,7713.0,8.19,16.79,18.38,43.36,1,72.79,29.33,264,35.1,14.0,287,3984,9496.79,1.96,8804.78,-3.52
2018,ראמה,7651.0,8.69,17.61,19.29,45.589999999999996,3,71.72,26.71,908,19.1,17.2,401,3739,7765.32,1.86,7645.03,3.71
2018,ראש העין,56344.0,6.72,14.33,21.68,42.730000000000004,6,67.75,27.84,1587,31.5,12.5,2620,31384,11213.7,2.94,10955.73,0.13
2018,ראש פינה,3120.0,6.99,14.42,16.57,37.980000000000004,-,67.31,-,-,35.8,10.3,2861,25291,11233.35,1.74,11106.03,2.28
2018,ראשון לציון,251720.0,6.57,13.09,19.64,39.3,30,71.74,27.31,9313,24.5,15.6,12038,132020,10700.19,1.17,11289.53,1.99
2018,רהט,69033.0,12.52,18.49,14.77,45.78,11,38.34,26.86,3572,6.3,8.0,917,20708,5719.18,5.28,10398.62,0.97
2018,רחובות,141579.0,5.87,11.38,21.27,38.519999999999996,28,66.09,26.51,5780,36.6,15.3,5462,67840,11061.87,1.52,10664.48,1.7
2018,ריינה,18890.0,10.91,18.38,18.12,47.41,3,39.49,29.41,1088,7.7,12.4,597,6636,6365.21,3.34,9184.6,1.15
2018,רכסים,12110.0,11.02,16.56,14.02,41.599999999999994,9,8.43,25.06,802,6.8,3.5,224,3671,5591.26,0.12,6092.22,0.23
2018,רמלה,75538.0,7.01,14.36,20.34,41.709999999999994,14,47.02,23.12,3191,7.8,9.6,2695,36319,7825.54,2.65,9151.36,1.26
2018,רמת גן,159160.0,5.01,12.42,23.88,41.31,15,77.54,29.82,6472,39.7,19.5,8924,79088,11569.69,1.04,11599.9,2.06
2018,רמת השרון,46721.0,6.61,9.29,18.87,34.769999999999996,5,75.0,28.33,2833,54.1,17.6,3275,20993,14603.7,0.25,13401.05,0.49
2018,רמת ישי,7723.0,7.73,13.01,18.52,39.260000000000005,-,79.46,-,-,49.3,14.0,370,3904,13061.73,0.99,10371.51,0.75
2018,רעננה,73999.0,7.2,12.04,16.69,35.93,13,82.51,25.88,3546,42.6,17.5,4664,34939,13080.3,0.61,12469.6,-0.76
2018,שבלי - אום אל-גנם,5995.0,11.34,15.46,18.38,45.18,1,37.93,23.93,359,9.5,12.8,229,2574,6768.82,2.3,9767.79,1.16
2018,שגב-שלום,10362.0,12.82,17.66,14.29,44.769999999999996,3,29.03,29.50,1357,6.0,5.6,90,3084,5716.08,4.78,8802.54,15.83
2018,שדרות,26455.0,6.55,17.87,19.89,44.31,4,64.29,18.81,696,14.9,14.5,817,14188,8180.02,4.16,10607.21,7.21
2018,שוהם,20990.0,11.09,16.45,13.06,40.6,2,89.16,30.67,1288,57.2,19.7,1011,11367,15412.68,0.73,14639.65,0.12
2018,שלומי,6350.0,7.46,13.34,18.83,39.629999999999995,1,60.19,19.33,116,14.0,8.2,262,3466,9398.34,4.47,12094.64,9.95
2018,שעב,6941.0,10.49,19.51,18.79,48.79,1,40.97,26.62,346,8.9,14.7,211,2967,5972.64,3.58,7770.71,5.76
2018,שפרעם,41559.0,10.3,17.49,18.73,46.519999999999996,9,48.36,26.58,2206,9.9,11.8,1395,18038,6911.34,2.31,9211.76,3.72
2018,תל אביב -יפו,451522.0,4.28,13.92,28.51,46.71,65,65.9,24.68,12614,42.2,21.5,31581,242777,12273.3,4.91,12230.61,2.7
2018,תל מונד,12862.0,10.26,12.57,16.36,39.19,1,86.96,33.17,796,51.7,12.9,819,6363,14684.63,0.35,14190.86,4.6
2018,תל שבע,20203.0,13.47,17.06,13.76,44.29,5,23.13,26.87,1236,6.4,7.1,184,5146,5429.05,2.04,12375.35,8.73
2017,אבו גוש,7300.0,9.74,9.81,17.66,37.21,3,27.70,15,320,10.0,20.8,133,3131,7054.72,6.82,8772.3,13.24
2017,אבו סנאן,13700.0,9.23,10.49,17.66,37.379999999999995,3,51.70,23,616,11.0,10.2,477,5343,6688.53,7.21,8121.12,2.05
2017,אבן יהודה,13700.0,9.7,7.95,9.9,27.549999999999997,4,79.80,28,1274,53.8,13.1,711,6131,14368.2,5.8,13007.42,-1.05
2017,אום אל-פחם,54200.0,11.0,12.14,17.05,40.19,12,43.60,25,3778,7.3,10.5,1655,19324,5650.87,5.2,8745.47,4.48
2017,אופקים,27800.0,8.1,7.34,17.19,32.63,10,32.80,21,1440,9.6,6.8,257,3229,9677.47,4.25,10588.17,13.84
2017,אור יהודה,36700.0,7.1,7.27,14.39,28.759999999999998,7,46.70,21,1103,12.0,12.4,1440,17225,8305.45,5.47,10347.23,4.09
2017,אור עקיבא,17800.0,6.5,6.26,13.48,26.240000000000002,5,55.20,21,806,11.6,9.1,649,9453,7862.59,6.87,8921.68,4.15
2017,אורנית,8700.0,10.32,8.04,11.77,30.13,..,81.10,31,308,45.8,16.8,481,4443,13479.64,5.69,12211.06,0.48
2017,אזור,12700.0,6.1,5.39,13.39,24.88,..,55.20,0,0,19.9,11.4,600,5932,9579.82,4.73,12182.24,11.12
2017,אילת,50700.0,6.6,6.45,16.5,29.55,7,59.70,21,1881,10.2,6.7,2091,31478,8236.25,6.67,11438.42,3.45
2017,אכסאל,14200.0,10.83,10.9,18.16,39.89,5,36.50,24,968,11.8,10.3,624,5350,6694.91,5.76,10519.37,1.54
2017,אליכין,3500.0,8.9,7.58,14.21,30.69,..,58.50,0,0,25.7,14.2,214,4576,12473.46,4.7,14547.28,-0.4
2017,אלעד,46900.0,17.3,11.21,9.92,38.43,28,15.20,28,3269,10.7,5.9,951,12946,6566.99,5.38,7638.76,0.29
2017,אלפי מנשה,7800.0,10.58,8.36,10.61,29.549999999999997,..,69.60,0,0,34.6,11.2,406,3940,12452.47,5.25,11330.75,1.0
2017,אלקנה,3900.0,9.29,6.82,17.04,33.15,..,90.90,25,374,66.2,52.9,103,1708,11939.51,6.86,13456.77,-4.19
2017,אעבלין,13000.0,10.03,10.75,16.74,37.519999999999996,4,62.40,25,1392,11.4,15.1,447,5387,6474.24,5.03,7867.86,6.13
2017,אפרת,9100.0,10.99,10.33,15.68,37.0,3,83.10,22,648,43.6,24.1,316,4529,10484.86,5.52,13999.52,6.82
2017,אריאל,19600.0,6.0,5.21,21.49,32.7,..,63.70,22,488,20.9,41.8,534,10181,9010.14,5.32,9385.55,6.44
2017,אשדוד,222900.0,8.1,7.55,13.22,28.869999999999997,51,50,24,11662,13.4,11.1,5667,101717,8563.71,5.93,9718.46,4.32
2017,אשקלון,137900.0,6.6,6.15,13.5,26.25,21,61.40,23,5123,17.2,11.9,3884,67187,8239.31,7.57,9493.29,5.42
2017,באקה אל-גרביה,29000.0,11.1,11.28,16.33,38.709999999999994,6,51.40,25,1981,11.1,15.4,1033,11495,6707.76,4.58,9120.76,-0.44
2017,באר יעקב,22900.0,7.07,6.75,11.12,24.939999999999998,4,54.30,21,1086,31.0,7.9,954,11662,11568.5,7.57,12349.76,4.11
2017,באר שבע,207600.0,6.7,6.27,14.57,27.54,31,58,23,8179,19.3,15.6,4058,98277,8931.66,6.79,10086.02,5.04
2017,בועיינה-נוג'ידאת,9500.0,10.35,11.5,18.42,40.27,..,52.70,29,642,9.6,14.9,212,3884,5903.76,8.04,9071.08,14.61
2017,בוקעאתא,6500.0,9.58,9.67,16.5,35.75,..,62.40,26,230,5.2,11.7,282,2426,5690.18,7.06,7239.43,15.56
2017,ביר אל-מכסור,9100.0,9.99,10.4,17.81,38.2,..,31.50,30,540,6.4,7.6,169,3742,6143.43,6.94,8886.76,12.87
2017,בית אל,6100.0,11.42,19.11,18.05,48.58,4,72.50,24,933,44.2,20.7,98,2355,7561.2,6.78,8854.4,0.5
2017,בית אריה,5000.0,10.23,8.6,12.61,31.439999999999998,..,67.40,0,0,28.0,11.3,241,2577,11185.4,5.0,11815.31,2.51
2017,בית ג'ן,11700.0,8.63,9.34,18.71,36.68,..,76.30,26,619,14.9,15.1,336,5315,7199.42,13.36,6338.33,4.55
2017,בית דגן,7100.0,8.92,8.2,14.71,31.83,..,64,0,0,23.9,14.0,313,3329,10432.1,6.01,11234.09,6.33
2017,בית שאן,17700.0,8.3,7.81,15.82,31.93,5,51.10,16,722,11.7,10.2,440,9464,7533.84,7.5,9964.66,-0.26
2017,בית שמש,114400.0,13.2,9.03,14.24,36.47,50,30.20,23,6325,10.1,8.6,2174,34157,7028.71,4.98,8789.87,2.64
2017,ביתר עילית,54600.0,15.5,9.68,12.85,38.03,36,4.60,27,3913,4.9,5.3,808,14287,5128.2,7.07,6918.14,2.79
2017,בני ברק,193800.0,10.8,10.28,16.39,37.47,103,5.10,28,16749,6.3,2.7,2792,56214,6036.72,5.86,8289.76,3.97
2017,"בני עי""ש",7000.0,5.74,5.87,14.0,25.61,..,61.40,0,0,10.6,10.9,174,3712,8040.73,6.43,7643.93,4.77
2017,בנימינה-גבעת עדה*,15600.0,11.07,8.46,10.12,29.65,..,77.90,25,773,58.4,10.4,744,6609,14087.97,3.75,13228.17,4.03
2017,"בסמ""ה",9500.0,10.83,11.7,18.16,40.69,..,43.10,26,685,10.9,13.3,282,3894,5978.88,3.6,8089.42,7.38
2017,בסמת טבעון,7700.0,10.12,11.05,17.49,38.66,..,39,31,336,7.7,10.2,204,3263,6230.03,5.48,8597.59,8.49
2017,בענה,8100.0,10.38,11.97,17.23,39.58,..,52.90,27,676,7.3,16.2,244,3348,5315.78,6.13,8176.74,-3.72
2017,בת ים,128700.0,5.3,4.93,11.09,21.32,17,58.90,23,3604,8.9,9.2,4071,64073,7562.0,5.34,9088.13,5.86
2017,גבעת זאב,17300.0,9.32,6.26,16.43,32.01,..,46.40,5,5,22.4,12.2,577,7350,8820.84,3.18,9923.12,5.42
2017,גבעת שמואל,25800.0,9.6,7.04,13.1,29.740000000000002,..,83.10,30,627,56.8,30.2,871,11381,13114.45,4.54,15110.33,0.09
2017,גבעתיים,59500.0,5.5,4.53,11.12,21.15,5,85.80,29,2445,52.2,20.0,2677,28422,13133.41,5.41,13671.63,6.24
2017,ג'דיידה-מכר,20600.0,10.02,12.14,16.61,38.769999999999996,4,44.70,27,1105,8.5,12.2,577,8742,5971.63,5.27,9484.02,10.79
2017,גדרה,27500.0,10.71,9.82,10.92,31.450000000000003,6,75.10,26,1640,40.4,11.3,828,11846,11791.2,5.74,12386.06,6.25
2017,ג'ולס,6300.0,8.27,9.45,19.21,36.93,..,51.80,27,322,17.3,16.3,136,2975,8042.58,10.69,5962.6,12.48
2017,ג'לג'וליה,9800.0,11.18,11.43,17.31,39.92,..,63.90,34,503,9.0,14.3,329,3891,5483.67,5.43,7795.44,10.53
2017,גן יבנה,23500.0,11.01,9.96,13.84,34.81,3,74.90,26,1180,30.3,13.2,862,11550,11437.08,4.67,11771.24,8.72
2017,גני תקווה,18200.0,8.63,6.56,9.61,24.8,..,75,24,218,51.1,17.2,780,8671,14354.2,4.48,15606.89,8.43
2017,ג'סר א-זרקא,14400.0,11.65,11.35,17.27,40.269999999999996,..,23.40,23,728,1.9,3.9,109,6093,5491.9,7.97,7799.0,8.24
2017,ג'ש (גוש חלב),3100.0,8.07,7.97,15.49,31.53,..,59.50,21,169,23.5,23.4,187,1477,8482.25,5.29,10826.14,9.22
2017,ג'ת,11600.0,9.52,10.95,17.97,38.44,..,65.10,28,592,20.8,24.4,495,5104,7726.84,5.83,8162.79,2.67
2017,דאלית אל-כרמל,17200.0,8.24,8.18,16.47,32.89,..,64.90,22,555,13.2,14.3,755,7631,7730.35,9.31,7686.85,7.59
2017,דבורייה,10200.0,10.26,11.36,16.3,37.92,..,60.50,29,640,14.3,18.2,412,4089,6716.75,2.64,9324.34,3.86
2017,דייר אל-אסד,12100.0,11.0,10.54,17.74,39.28,..,71.90,28,536,12.0,14.4,374,5074,6899.07,7.7,9865.84,6.13
2017,דייר חנא,10100.0,9.51,10.11,17.72,37.339999999999996,..,81.20,31,497,13.7,16.0,309,4505,6457.86,4.67,8330.43,8.35
2017,דימונה,33700.0,7.3,8.12,14.87,30.29,10,58.60,23,1691,10.1,7.2,619,17380,9212.31,6.71,9296.34,12.15
2017,הוד השרון,61100.0,8.1,6.74,11.03,25.869999999999997,6,81.40,27,2661,51.9,15.3,2876,29146,14004.92,5.09,13306.73,4.64
2017,הר אדר,4100.0,10.28,10.3,11.98,32.56,..,91.50,0,0,57.5,15.1,165,1992,15096.73,2.92,17673.25,8.06
2017,הרצלייה,94000.0,6.2,5.52,11.51,23.229999999999997,10,75.10,26,3398,41.7,18.8,4262,43884,12333.64,5.45,12870.13,5.64
2017,זכרון יעקב,23000.0,9.66,9.6,12.4,31.659999999999997,6,74.80,24,1486,50.7,13.2,1017,10150,13898.9,4.35,11569.95,0.97
2017,זמר,6800.0,9.56,10.18,17.13,36.870000000000005,..,52,34,638,11.4,15.8,299,2859,6818.34,4.6,7668.81,3.38
2017,זרזיר,7800.0,10.41,10.42,18.81,39.64,..,42.10,27,424,8.4,9.1,145,3259,6153.73,10.55,10325.95,-2.94
2017,חדרה,94000.0,6.8,6.4,13.24,26.439999999999998,19,52.20,23,3776,20.1,9.5,3264,46781,8986.63,6.08,9557.19,4.81
2017,חולון,192600.0,6.7,6.03,11.45,24.18,22,64.30,24,6170,19.9,14.0,7256,90822,9425.2,5.07,10847.01,5.01
2017,חורה,20800.0,14.24,12.46,15.46,42.160000000000004,7,50.30,24,1735,9.5,10.6,186,4143,6112.06,6.66,8246.45,-2.77
2017,חורפיש,6200.0,9.36,10.06,17.41,36.83,..,74.20,27,350,20.0,20.7,235,2723,8112.14,12.77,6438.0,1.18
2017,חיפה,281100.0,5.8,5.61,13.44,24.85,47,62.80,24,12176,31.9,22.6,7775,128684,10136.09,4.82,11178.78,5.27
2017,חצור הגלילית,9100.0,8.28,8.7,16.24,33.22,4,34.30,27,850,12.0,7.8,257,4414,7340.72,8.95,8458.82,7.33
2017,חריש,3600.0,6.5,2.57,10.3,19.37,..,..,0,0,31.9,9.3,280,3863,8703.01,-1.14,8552.89,6.95
2017,טבריה,43700.0,7.4,7.39,15.13,29.92,15,43.40,21,2573,8.6,8.7,1167,20002,6688.11,7.71,8220.74,4.44
2017,טובא-זנגרייה,6500.0,10.08,10.74,17.4,38.22,..,35.10,27,265,5.7,7.8,131,2997,5939.42,6.08,10161.43,3.2
2017,טורעאן,13700.0,10.63,10.88,17.78,39.290000000000006,..,62.60,33,596,13.2,16.0,578,5437,6087.52,5.84,11887.34,1.57
2017,טייבה,42400.0,11.3,10.86,16.24,38.4,3,52.90,34,2488,11.9,16.3,1536,17035,6219.88,6.15,8043.29,6.38
2017,טירה,25700.0,9.3,10.11,17.56,36.97,7,43,25,1503,14.6,16.9,1178,11180,6763.1,6.33,8216.15,7.16
2017,טירת כרמל,21300.0,6.2,5.52,13.96,25.68,3,53.80,21,568,12.2,8.9,572,11079,8295.83,8.86,8978.43,4.22
2017,טמרה,33400.0,10.6,10.99,17.01,38.6,9,49.30,24,2211,10.0,15.9,952,13453,5887.57,7.46,9410.0,5.08
2017,יאנוח-ג'ת,6500.0,9.99,10.01,18.3,38.3,..,45.10,26,308,14.8,14.4,169,2916,7604.63,9.75,6970.95,11.62
2017,יבנאל,4300.0,11.84,8.25,12.57,32.66,..,17.10,15,121,14.9,5.8,141,1374,6530.6,7.19,7726.23,5.53
2017,יבנה,45500.0,6.7,5.96,12.81,25.47,8,65.80,24,1364,26.2,12.9,1583,22948,10119.55,6.05,11503.19,6.61
2017,יהוד,29700.0,7.8,7.07,12.05,26.92,3,68.70,27,1805,33.3,14.7,1226,14735,11540.21,4.12,12616.37,7.9
2017,יסוד המעלה,1700.0,9.55,8.66,11.79,30.0,..,..,0,0,44.4,8.3,132,2471,10495.93,8.89,14875.28,19.66
2017,יפיע,18700.0,9.75,10.76,17.24,37.75,4,60.30,25,1006,10.4,16.7,611,7575,6124.97,4.9,8848.24,2.55
2017,יקנעם עילית,22700.0,9.2,8.35,11.88,29.43,..,68.50,24,765,35.8,10.7,551,11939,11484.84,4.89,11311.08,7.96
2017,ירוחם,9500.0,8.8,9.16,15.3,33.260000000000005,3,51,21,466,18.0,10.4,144,4627,8341.6,8.19,10558.13,11.23
2017,ירושלים,901300.0,10.0,9.47,16.42,35.89,338,30.60,24,55922,14.7,10.2,19705,289914,7529.44,4.67,9266.77,4.6
2017,ירכא,16700.0,10.06,10.76,17.76,38.58,7,45.80,24,1151,11.3,14.0,577,6093,6977.41,9.44,8274.94,11.72
2017,כאבול,13600.0,10.46,10.81,17.17,38.440000000000005,..,60.60,28,585,13.0,16.8,329,4708,6421.18,7.67,7387.45,4.43
2017,כאוכב אבו אל-היג'א,3500.0,9.86,9.98,15.24,35.08,..,73.30,26,234,19.3,25.1,103,1614,7114.07,4.61,7172.34,4.57
2017,כוכב יאיר,8900.0,8.19,9.46,16.58,34.23,..,84.20,0,0,59.5,14.8,490,4987,14589.46,3.38,14957.1,2.27
2017,כסיפה,20300.0,13.33,11.96,16.67,41.96,4,50,26,1637,10.2,10.8,126,4353,6067.11,8.74,9336.77,13.56
2017,כסרא-סמיע,8500.0,10.98,9.92,19.04,39.94,..,59.30,20,427,12.4,12.8,230,3493,7477.72,9.25,6502.13,-0.58
2017,כעביה-טבאש-חג'אג'רה,5200.0,10.66,11.09,18.69,40.44,..,50,28,359,11.3,12.2,118,2318,6343.43,6.94,8067.45,6.58
2017,כפר ברא,3500.0,11.38,12.9,19.03,43.31,..,54,0,0,13.5,11.8,132,1465,6605.73,3.48,8256.16,-6.72
2017,כפר ורדים,5500.0,9.36,9.61,13.23,32.2,..,85,22,372,54.6,11.6,263,2790,13700.6,1.56,10633.96,4.0
2017,כפר יאסיף,9900.0,8.75,9.24,16.52,34.510000000000005,..,52.40,30,545,19.2,15.3,525,4561,7071.98,6.39,8413.7,8.84
2017,כפר יונה,22500.0,9.4,7.41,12.11,28.92,..,60.50,29,736,33.3,9.5,998,10443,11095.18,6.13,11474.75,4.81
2017,כפר כמא,3300.0,7.1,8.01,16.72,31.83,..,53.70,0,0,19.2,26.6,112,1578,8428.66,8.28,8844.62,0.85
2017,כפר כנא,22000.0,10.74,11.59,17.6,39.93,5,50,27,1585,9.4,14.2,669,8376,5589.56,5.29,9145.89,2.9
2017,כפר מנדא,19300.0,10.7,12.23,19.18,42.11,3,54.20,27,1220,9.6,9.4,593,6865,5268.58,4.85,9239.94,4.18
2017,כפר סבא,100000.0,6.7,6.11,10.1,22.91,13,72.10,26,4315,44.4,14.5,3945,47907,12609.41,5.19,12667.41,5.78
2017,כפר קאסם,22700.0,11.0,11.64,18.26,40.900000000000006,4,50.60,26,1535,10.7,13.9,907,9230,6107.36,5.37,7961.69,8.62
2017,כפר קרע,18300.0,9.81,10.0,17.69,37.5,6,54.20,26,1181,16.8,12.5,718,8309,7238.77,4.6,9007.06,2.43
2017,כפר שמריהו,1900.0,8.55,7.43,9.83,25.810000000000002,..,..,0,0,44.9,19.0,92,733,16694.21,6.64,13396.11,9.21
2017,כפר תבור,4100.0,9.29,8.32,12.61,30.22,..,84.40,0,0,50.8,14.5,194,2132,12928.82,6.32,12663.54,9.32
2017,כרמיאל,45900.0,6.8,6.62,13.02,26.439999999999998,11,63,20,1938,20.0,12.8,1213,23491,8959.23,6.11,9422.32,10.54
2017,להבים,6400.0,9.06,9.2,15.72,33.98,..,89,0,0,69.1,20.1,166,3317,16896.89,4.9,21871.11,2.38
2017,לוד,74600.0,8.0,8.16,13.8,29.96,18,40.80,24,4236,9.6,9.1,1628,33763,7443.14,4.85,8639.28,7.05
2017,לקיה,12900.0,13.65,11.58,16.67,41.900000000000006,3,39.90,27,940,8.6,9.2,147,4176,5797.15,6.57,9066.13,14.83
2017,מבשרת ציון,24400.0,7.21,7.11,14.15,28.47,3,75.30,23,1097,40.3,16.0,855,11615,12165.58,4.49,13065.99,10.11
2017,מגאר,22300.0,8.98,10.04,19.12,38.14,4,49.50,24,1140,11.9,14.5,672,8994,6617.64,10.76,8551.15,3.85
2017,מג'ד אל-כרום,15100.0,11.12,11.39,17.01,39.519999999999996,7,54.20,21,1067,8.6,14.3,451,6505,5907.14,5.46,9460.75,3.89
2017,מגדל,1900.0,8.53,7.42,14.04,29.99,..,..,0,0,18.9,11.2,161,3064,6022.64,8.59,7568.57,1.9
2017,מגדל העמק,25400.0,7.4,8.15,13.76,29.310000000000002,8,41.90,21,1325,11.6,7.9,492,12527,7504.04,7.02,8821.13,-0.24
2017,מג'דל שמס,10900.0,9.57,8.87,15.02,33.459999999999994,..,68.80,29,542,6.1,18.8,687,4236,5341.25,7.27,7361.85,13.05
2017,מודיעין עילית,70100.0,14.8,8.64,12.04,35.480000000000004,34,1.10,34,4898,3.2,2.2,988,14614,4914.89,6.35,5690.68,3.27
2017,מודיעין-מכבים-רעות*,91300.0,11.5,9.31,10.73,31.540000000000003,15,86,27,5230,52.3,15.5,3247,42069,14491.31,5.21,13375.47,4.71
2017,מזכרת בתיה,14200.0,10.2,8.37,11.24,29.810000000000002,..,86.20,28,653,50.9,15.6,334,3578,13320.39,4.06,11933.91,15.16
2017,מזרעה,3800.0,7.36,8.5,21.23,37.09,..,59.30,0,0,8.8,14.0,127,1889,6515.07,6.93,8405.96,11.51
2017,מטולה,1600.0,6.78,5.48,21.28,33.540000000000006,..,..,0,0,38.0,16.0,77,907,8977.07,5.91,11085.75,7.25
2017,מיתר,7700.0,10.69,8.49,12.8,31.98,..,88.80,29,432,60.7,13.2,253,4605,15582.4,4.28,14287.68,9.25
2017,מסעדה,3600.0,10.61,8.63,13.7,32.94,..,55.60,25,401,4.1,13.8,230,1422,5360.89,7.06,6706.76,7.02
2017,מעיליא,3200.0,7.59,8.68,13.23,29.5,..,94.10,26,359,27.1,27.6,130,1537,9191.36,2.34,10513.49,15.06
2017,מעלה אדומים,37800.0,9.4,8.58,15.46,33.44,8,69.30,22,2050,22.2,15.5,997,19348,9631.5,6.09,10827.87,6.8
2017,מעלה אפרים,1200.0,7.3,4.56,16.93,28.79,..,..,14,115,15.0,8.2,27,744,7351.77,7.49,8160.59,-0.63
2017,מעלה עירון,14600.0,10.75,12.22,17.82,40.79,..,40,28,788,9.6,11.1,417,5549,5906.9,4.19,9054.1,5.47
2017,מעלות-תרשיחא,21300.0,7.5,7.18,14.22,28.9,4,57.60,22,969,16.2,12.5,597,10949,8276.19,6.57,9250.32,1.72
2017,מצפה רמון,5200.0,8.15,10.06,20.17,38.38,..,49,24,339,20.5,8.8,133,2432,7254.25,12.01,8132.53,6.58
2017,משהד,8100.0,10.33,10.58,18.92,39.83,3,49.30,24,670,9.4,15.4,257,3170,5726.92,4.44,9684.21,5.51
2017,נהרייה,56100.0,7.1,6.42,12.22,25.740000000000002,8,56.80,25,1948,20.6,12.2,1654,28479,9650.2,4.59,11419.07,11.17
2017,נחף,12600.0,11.56,11.67,17.63,40.86,3,48.30,22,822,11.1,16.4,372,4898,5994.91,6.12,6609.18,-1.56
2017,נס ציונה,49100.0,9.5,6.9,9.7,26.099999999999998,7,79.30,27,1800,47.4,15.4,1787,22393,13501.67,4.01,13448.57,6.16
2017,נצרת,76600.0,8.9,10.03,17.18,36.11,23,49.60,25,6468,13.0,14.6,2607,31866,6609.83,4.97,9697.53,3.68
2017,נצרת עילית,40600.0,6.2,6.49,12.94,25.630000000000003,5,58.30,22,966,15.4,13.4,1070,21269,7516.91,4.1,9486.77,0.54
2017,נשר,23700.0,5.7,5.4,14.37,25.47,..,63.10,25,592,27.7,18.8,637,11681,10121.48,5.62,10634.59,6.08
2017,נתיבות,33800.0,10.6,8.12,15.85,34.57,14,38,22,1551,12.2,9.4,759,14832,6862.43,7.89,8854.18,2.79
2017,נתניה,214100.0,7.0,6.1,12.18,25.28,29,54.90,25,7846,20.5,12.5,7283,97576,8831.2,5.04,10013.43,3.71
2017,סאג'ור,4100.0,9.43,10.03,19.86,39.32,..,46.80,20,163,14.8,15.2,107,1967,7525.89,15.65,5635.67,10.76
2017,סביון*,3900.0,9.13,8.82,12.45,30.400000000000002,..,89.20,0,0,51.2,21.4,174,1890,17641.85,2.86,16706.59,0.12
2017,סח'נין,30500.0,9.7,10.16,16.79,36.65,5,49.20,28,1901,14.0,17.7,1036,12917,6482.92,5.07,8455.97,6.01
2017,ע'ג'ר,2600.0,11.22,9.93,17.51,38.66,..,55.60,23,136,8.9,15.0,68,1053,7236.32,3.08,7569.7,-11.77
2017,עומר,7600.0,9.34,7.57,10.78,27.689999999999998,..,83.30,31,376,59.6,16.5,243,3925,16675.38,4.18,15950.84,2.25
2017,עיילבון,5600.0,8.16,9.06,16.21,33.43,..,60.40,37,292,19.8,17.6,215,2548,7859.1,8.23,8811.22,2.47
2017,עילוט,7900.0,10.85,10.77,19.04,40.66,..,26.40,25,376,2.1,6.6,218,2754,5575.9,2.64,11426.07,1.28
2017,עין מאהל,12800.0,9.76,12.4,17.94,40.1,3,30.10,29,904,7.7,10.3,281,5257,5443.67,5.85,7698.49,3.15
2017,עין קנייא,2000.0,9.1,9.49,15.3,33.89,..,..,0,0,4.0,22.4,104,901,5987.09,6.79,6934.82,12.4
2017,עכו,48300.0,6.9,7.49,14.55,28.94,12,49.90,20,2339,11.5,11.9,1245,23480,7378.44,7.56,9794.74,3.49
2017,עמנואל,3400.0,12.56,7.3,16.92,36.78,..,14.30,21,82,4.4,3.1,48,1264,5056.58,7.86,5257.73,-6.2
2017,עספיא,12100.0,8.44,8.61,15.71,32.76,..,70.40,24,542,12.8,14.0,479,5377,8001.54,4.79,7461.86,10.0
2017,עפולה,49200.0,6.8,6.46,15.46,28.72,9,46.60,21,1898,14.6,11.6,1200,24910,7846.46,5.99,9675.04,6.17
2017,עראבה,25000.0,11.3,11.65,16.76,39.71000000000001,5,53.60,25,1454,14.8,15.1,791,9383,6318.47,3.33,9416.86,3.36
2017,ערד,25500.0,6.6,6.65,15.36,28.61,5,44.10,27,954,11.7,5.0,605,11504,7689.6,5.17,7756.2,6.42
2017,ערערה,24500.0,10.78,11.31,16.1,38.19,..,52,25,966,13.2,10.1,582,7967,6631.37,4.72,7726.96,4.19
2017,ערערה-בנגב,17000.0,14.32,12.74,17.28,44.34,4,17.60,23,1339,6.9,6.5,127,4049,5969.5,0.75,10910.47,-2.63
2017,פוריידיס,12900.0,9.81,10.43,16.84,37.08,4,43.20,26,773,7.6,8.0,403,5474,6101.02,5.54,8603.86,3.73
2017,פסוטה,3100.0,7.0,7.94,16.11,31.05,..,78,0,0,23.1,27.4,202,1519,8074.68,8.45,10634.31,12.38
2017,פקיעין (בוקייעה),5800.0,8.1,8.32,17.74,34.16,..,81.90,24,236,18.3,18.3,292,2600,7517.81,6.19,7544.47,3.7
2017,פרדס חנה-כרכור,41100.0,8.63,6.59,10.65,25.87,7,65,18,1064,38.1,8.9,2158,18647,10701.87,5.95,10655.83,7.89
2017,פרדסייה,5800.0,7.0,7.14,17.55,31.69,..,86.30,0,0,45.0,15.2,318,3368,12642.1,5.48,12764.88,9.87
2017,פתח תקווה,240400.0,7.5,6.38,11.0,24.88,49,65,24,10573,30.4,15.0,7756,117983,10559.9,5.41,11829.41,4.61
2017,צפת,35300.0,10.2,8.58,16.11,34.89,14,33,24,2020,13.5,10.8,800,12259,6214.4,6.16,7489.45,8.27
2017,קדומים,4500.0,12.83,6.92,12.59,32.34,..,73.30,21,457,52.3,19.4,120,1842,9535.02,9.74,9608.64,16.22
2017,קדימה-צורן,22000.0,9.66,8.58,12.64,30.880000000000003,..,79.10,35,312,47.4,11.2,1149,10334,13134.74,4.38,12362.96,-4.96
2017,קלנסווה,22400.0,11.0,11.69,17.04,39.73,4,45.10,29,1381,10.3,13.5,749,8673,6546.75,5.31,8316.36,4.21
2017,קצרין,7100.0,8.22,6.89,14.82,29.93,..,51.40,21,575,16.0,17.4,237,3603,7073.14,7.79,8247.83,5.72
2017,קריית אונו,39400.0,8.5,6.1,9.13,23.73,3,85.20,29,1775,54.2,18.5,1500,17677,14532.25,4.4,14648.89,4.57
2017,קריית ארבע,7300.0,9.17,10.81,16.34,36.32,..,55.80,19,428,24.4,21.6,122,3154,6481.88,9.1,9386.76,-3.21
2017,קריית אתא,57500.0,6.7,6.03,13.53,26.259999999999998,8,59,21,1771,18.5,11.5,1531,28174,8943.46,5.68,10241.9,7.11
2017,קריית ביאליק,39600.0,5.9,5.38,11.74,23.020000000000003,..,56.20,22,1314,23.5,10.8,996,19568,9450.17,5.5,10356.55,2.63
2017,קריית גת,53500.0,7.4,6.88,15.84,30.12,12,49.20,22,2336,11.4,8.9,1324,26498,7307.36,8.13,10144.48,5.35
2017,קריית טבעון,17700.0,7.3,6.65,11.33,25.28,3,78.90,21,812,53.2,14.0,776,7452,12608.18,3.38,11758.63,-0.25
2017,קריית ים,39700.0,5.3,4.89,11.95,22.14,3,47.10,23,925,11.9,9.9,870,19257,7865.33,5.44,8427.18,4.77
2017,קריית יערים,4800.0,12.13,8.97,18.76,39.86,..,8.80,31,278,13.2,8.7,160,1579,6106.94,4.79,10445.49,0.34
2017,קריית מוצקין,41400.0,5.9,5.49,11.38,22.770000000000003,4,63.60,27,1646,26.5,12.5,1089,21399,9959.58,5.66,11050.37,3.82
2017,קריית מלאכי,22300.0,7.9,6.72,17.78,32.400000000000006,7,56.20,19,902,9.0,8.7,602,11085,6649.35,8.14,8821.95,-3.09
2017,קריית עקרון,10900.0,6.63,6.67,15.78,29.08,..,70.50,28,167,13.9,9.1,402,5474,8217.02,7.67,9645.45,5.0
2017,קריית שמונה,22800.0,7.1,7.03,17.53,31.66,6,52.40,20,878,13.2,19.8,584,11772,7708.55,7.27,9461.95,1.6
2017,קרני שומרון,7400.0,8.85,8.28,18.01,35.14,..,67.60,28,255,33.6,17.6,217,3769,9240.53,7.37,9207.59,3.89
2017,ראמה,7600.0,7.81,8.79,17.78,34.379999999999995,3,64.70,25,929,19.4,18.8,337,3553,7562.92,9.09,7810.85,10.25
2017,ראש העין,50500.0,7.3,7.21,15.03,29.54,6,69.60,24,1678,30.6,12.4,1916,28266,10807.27,8.14,11291.89,7.73
2017,ראש פינה,3100.0,7.74,7.35,14.15,29.240000000000002,..,59.70,0,0,35.9,13.5,2067,23759,10954.04,4.2,12244.37,8.87
2017,ראשון לציון,249900.0,6.3,6.52,13.4,26.22,30,71.10,26,9801,24.3,15.6,9308,127413,10492.39,4.49,12011.48,5.46
2017,רהט,66800.0,13.1,12.7,18.06,43.86,10,37.10,26,3503,6.6,7.6,779,19600,5389.09,8.47,10392.84,5.35
2017,רחובות,138400.0,7.4,5.75,11.62,24.77,26,63.30,25,5642,36.2,14.9,4089,64903,10809.66,5.9,11118.12,6.08
2017,ריינה,18700.0,9.59,11.43,18.0,39.019999999999996,3,42.10,30,1113,7.5,11.3,517,6488,6110.75,6.5,9324.26,5.04
2017,רכסים,11800.0,11.7,10.84,17.16,39.7,8,4.80,20,761,7.2,4.4,178,3444,5540.47,5.87,6179.1,5.86
2017,רמלה,75700.0,7.5,6.92,14.46,28.880000000000003,14,44.50,21,3343,7.3,8.8,2303,35175,7563.26,6.29,9525.76,6.91
2017,רמת גן,156300.0,5.5,4.99,12.42,22.91,15,78.60,30,6376,39.1,19.1,6546,73271,11359.92,4.36,12315.42,6.09
2017,רמת השרון,46000.0,7.8,6.35,9.46,23.61,5,76.20,28,2820,53.3,17.1,2262,20299,14451.11,3.65,14523.21,3.05
2017,רמת ישי,7700.0,8.15,7.43,13.06,28.64,..,71.70,0,0,48.8,13.0,245,3796,12830.76,3.85,11261.95,7.08
2017,רעננה,72800.0,7.9,7.12,12.22,27.240000000000002,13,79.60,25,3657,42.3,18.1,3363,33797,12897.72,4.66,13675.88,4.67
2017,שבלי - אום אל-גנם,5900.0,10.89,10.97,15.38,37.24,..,41.50,24,342,9.8,13.5,202,2484,6563.92,5.28,9818.53,1.17
2017,שגב-שלום,9900.0,14.06,13.03,16.96,44.05,3,40.30,28,1268,6.2,4.9,81,2835,5412.12,6.1,7788.1,13.34
2017,שדרות,25100.0,6.2,6.1,18.51,30.810000000000002,4,61.10,18,660,14.7,13.0,667,13349,7790.99,7.98,10473.5,7.84
2017,שוהם,20900.0,10.6,11.47,15.73,37.8,..,86.60,30,1277,57.0,20.0,834,11081,15179.94,3.13,15495.02,4.54
2017,שלומי,6200.0,8.27,7.55,12.98,28.8,..,53.50,19,113,13.5,5.1,207,3260,8925.18,9.1,12219.97,13.91
2017,שעב,6800.0,9.79,10.65,18.76,39.2,..,49.60,25,329,8.5,14.4,188,2817,5720.73,2.44,7031.41,7.4
2017,שפרעם,41000.0,9.6,10.45,16.99,37.03999999999999,9,49.40,25,2259,9.7,11.9,1215,17138,6701.77,7.25,9028.51,0.16
2017,תל אביב -יפו,443900.0,4.8,4.16,14.09,23.05,64,65,22,13032,41.1,20.8,24249,232455,11606.02,5.13,12439.3,4.25
2017,תל מונד,12600.0,10.96,10.23,12.42,33.61,..,84.10,32,926,51.3,13.6,667,6103,14516.78,3.61,14192.15,3.12
2017,תל שבע,19700.0,14.41,13.27,16.51,44.19,5,22.20,27,1195,6.3,7.5,164,4927,5278.41,5.7,11368.6,-2.45
2016,אבו גוש,7100.0,10.2,9.7,17.3,37.2,3,35.80,16.0,377,10.0,20.8,132,2948,6591.09,5.56,7731.45,16.73
2016,אבו סנאן,13500.0,9.8,10.5,17.4,37.7,3,39.20,24.0,661,11.0,10.2,467,5086,6226.12,3.25,7941.96,0.52
2016,אבן יהודה,13500.0,9.4,7.5,10.1,27.0,4,71.70,29.0,1293,53.8,13.1,720,6049,13553.54,0.88,13119.36,2.1
2016,אום אל-פחם,53300.0,11.6,12.0,16.6,40.2,11,32.40,25.2,3729,7.3,10.5,1543,18114,5361.0,1.9,8354.0,6.76
2016,אופקים,26600.0,8.1,7.8,17.4,33.3,10,34.80,20.84,1396,9.6,6.8,253,3057,9264.0,-1.95,9282.0,2.2
2016,אור יהודה,36500.0,7.1,7.4,14.7,29.2,7,48.50,20.7,1159,12.0,12.4,1462,16944,7859.0,0.9,9921.0,4.84
2016,אור עקיבא,17600.0,6.7,6.2,13.8,26.700000000000003,6,60.20,20.21,788,11.6,9.1,616,9183,7343.0,3.7,8549.0,8.56
2016,אורנית,8700.0,9.8,8.1,11.7,29.599999999999998,..,78.80,0.0,0,45.8,16.8,481,4244,12728.87,-0.27,12128.11,9.42
2016,אזור,12600.0,5.9,5.7,13.7,25.3,..,49.10,0.0,0,19.9,11.4,606,5806,9128.5,0.91,10941.61,2.78
2016,אילת,50100.0,6.5,6.5,16.8,29.8,7,57.40,20.72,1844,10.2,6.7,2123,30531,7706.0,1.5,11035.0,3.25
2016,אכסאל,14000.0,11.1,10.9,17.8,39.8,4,42.80,24.0,927,11.8,10.3,584,5094,6317.64,4.43,10338.86,7.28
2016,אליכין,3400.0,8.9,7.8,13.8,30.5,..,56,0.0,0,25.7,14.2,199,4284,11889.0,1.45,14576.0,12.6
2016,אלעד,45900.0,17.3,10.0,9.6,36.9,27,19.70,26.07,2763,10.7,5.9,875,12216,6219.0,2.0,7601.0,2.91
2016,אלפי מנשה,7800.0,10.1,7.9,10.6,28.6,..,64.90,0.0,0,34.6,11.2,407,3833,11807.2,0.08,11196.44,1.47
2016,אלקנה,3900.0,9.2,6.4,17.8,33.4,..,94.40,28.0,365,66.2,52.9,104,1706,11151.11,-1.1,14017.6,2.77
2016,אעבלין,12800.0,10.3,10.7,16.3,37.3,4,54.50,25.0,1339,11.4,15.1,435,5101,6151.98,5.59,7398.92,3.7
2016,אפרת,8700.0,11.2,10.4,16.2,37.8,3,85,22.0,713,43.6,24.1,304,4145,9916.35,2.29,13078.97,-7.9
2016,אריאל,19200.0,5.9,5.9,21.9,33.7,..,61.40,23.8,476,20.9,41.8,552,10018,8538.0,2.9,8800.0,-1.71
2016,אשדוד,221600.0,8.1,7.6,13.4,29.1,49,48.50,23.93,11461,13.4,11.1,5687,99332,8068.0,1.4,9298.0,5.14
2016,אשקלון,134500.0,6.5,6.3,13.8,26.6,20,61,25.29,4704,17.2,11.9,3914,64679,7644.0,0.7,8987.0,1.45
2016,באקה אל-גרביה,28500.0,11.6,11.2,16.1,38.9,7,40.50,26.26,2521,11.1,15.4,995,10879,6401.0,3.9,9143.0,1.82
2016,באר יעקב,20400.0,7.0,7.4,11.4,25.8,5,41.80,22.0,1163,31.0,7.9,794,9962,10732.58,2.15,11837.98,9.06
2016,באר שבע,205800.0,6.6,6.4,14.8,27.8,32,52,23.55,8313,19.3,15.6,4188,95595,8347.0,1.2,9583.0,2.46
2016,בועיינה-נוג'ידאת,9300.0,11.1,11.3,18.5,40.9,..,37.80,28.0,653,9.6,14.9,193,3657,5453.69,2.17,7899.1,-7.56
2016,בוקעאתא,6400.0,9.3,9.9,16.0,35.2,..,44.20,26.0,129,5.2,11.7,296,2300,5304.52,6.25,6252.04,13.41
2016,ביר אל-מכסור,8900.0,10.4,10.3,17.7,38.400000000000006,..,32.40,30.0,541,6.4,7.6,165,3487,5733.17,2.43,7857.91,-5.16
2016,בית אל,6100.0,13.5,17.6,17.1,48.2,4,59.10,24.0,905,44.2,20.7,98,2312,7066.66,-0.24,8793.02,-1.5
2016,בית אריה,4800.0,10.0,8.5,12.2,30.7,..,66.70,0.0,0,28.0,11.3,235,2400,10631.45,0.19,11502.92,22.15
2016,בית ג'ן,11600.0,9.0,9.5,18.7,37.2,..,59.30,27.0,636,14.9,15.1,342,4972,6338.05,-2.13,6050.65,-4.36
2016,בית דגן,7100.0,9.1,8.0,14.5,31.6,..,68.20,0.0,0,23.9,14.0,308,3302,9820.6,0.54,10543.96,3.64
2016,בית שאן,17600.0,8.2,7.9,16.1,32.2,5,31.30,17.35,746,11.7,10.2,440,9124,6994.0,0.6,9971.0,8.15
2016,בית שמש,109800.0,13.1,8.6,14.5,36.2,49,27.20,23.38,6055,10.1,8.6,2001,31986,6682.0,2.2,8546.0,2.29
2016,ביתר עילית,51600.0,15.2,9.5,12.6,37.3,31,3.90,27.03,3325,4.9,5.3,719,13256,4780.0,2.9,6717.0,11.86
2016,בני ברק,189000.0,11.0,10.3,16.5,37.8,100,5.80,27.72,16384,6.3,2.7,2748,54655,5691.0,2.5,7957.0,-0.31
2016,"בני עי""ש",7000.0,6.0,5.8,14.0,25.8,..,55.70,0.0,0,10.6,10.9,183,3645,7539.78,1.1,7281.31,0.52
2016,בנימינה-גבעת עדה*,15200.0,10.7,8.2,10.0,28.9,..,79.60,25.0,784,58.4,10.4,777,6400,13552.23,0.26,12690.31,1.97
2016,"בסמ""ה",9200.0,11.5,11.7,17.6,40.8,..,48.20,26.0,687,10.9,13.3,258,3660,5759.74,3.05,7518.74,6.48
2016,בסמת טבעון,7600.0,10.9,10.9,17.3,39.1,..,38.50,33.0,333,7.7,10.2,182,3087,5894.37,4.42,7909.02,4.89
2016,בענה,8000.0,11.3,11.7,16.8,39.8,..,53.20,27.0,672,7.3,16.2,228,3106,4998.55,3.6,8475.74,9.86
2016,בת ים,128900.0,5.2,5.0,11.6,21.799999999999997,17,53.40,22.86,3726,8.9,9.2,4235,63579,7164.0,2.6,8568.0,3.38
2016,גבעת זאב,16900.0,8.6,6.8,16.7,32.099999999999994,..,37.80,5.0,5,22.4,12.2,549,7013,8531.63,2.63,9394.51,0.96
2016,גבעת שמואל,25500.0,9.3,6.7,13.1,29.1,..,80.30,29.83,537,56.8,30.2,869,10989,12520.0,0.9,15066.0,4.74
2016,גבעתיים,58500.0,5.4,4.5,11.2,21.1,5,84.90,28.9,2428,52.2,20.0,2765,27465,12434.0,2.4,12843.0,3.78
2016,ג'דיידה-מכר,20300.0,11.0,12.0,16.2,39.2,4,57.70,28.0,1109,8.5,12.2,545,8203,5661.6,4.16,8543.3,9.95
2016,גדרה,27000.0,10.8,9.2,10.5,30.5,6,70.90,26.0,1571,40.4,11.3,870,11151,11129.06,-2.42,11634.06,5.09
2016,ג'ולס,6200.0,8.7,9.5,19.1,37.3,..,44,26.0,306,17.3,16.3,144,2720,7251.59,-2.02,5290.26,8.39
2016,ג'לג'וליה,9600.0,11.7,11.7,16.5,39.9,..,57.50,33.0,490,9.0,14.3,322,3647,5190.86,3.43,7038.57,6.96
2016,גן יבנה,23100.0,11.1,9.5,13.6,34.2,3,71.90,26.0,1118,30.3,13.2,882,10856,10904.56,0.15,10805.09,3.48
2016,גני תקווה,17300.0,8.7,6.3,10.1,25.1,..,75.10,15.0,59,51.1,17.2,757,8247,13710.77,2.56,14365.03,5.86
2016,ג'סר א-זרקא,14200.0,12.1,11.1,17.1,40.3,..,15.70,28.0,704,1.9,3.9,111,5845,5076.17,4.76,7191.13,6.64
2016,ג'ש (גוש חלב),3100.0,8.0,8.0,15.2,31.2,..,66,22.0,172,23.5,23.4,189,1437,8039.93,4.46,9892.81,3.54
2016,ג'ת,11400.0,10.2,10.7,17.8,38.7,..,56,0.0,0,20.8,24.4,492,4865,7286.77,2.45,7934.59,1.48
2016,דאלית אל-כרמל,17000.0,8.3,8.3,16.6,33.2,..,51.50,23.0,644,13.2,14.3,742,7147,7058.02,0.37,7130.42,8.55
2016,דבורייה,10000.0,10.9,10.9,16.0,37.8,..,59.70,28.0,644,14.3,18.2,396,3755,6530.81,3.98,8959.67,8.78
2016,דייר אל-אסד,11900.0,11.4,10.5,17.5,39.4,..,62.20,27.0,505,12.0,14.4,364,4849,6392.74,4.11,9277.23,4.69
2016,דייר חנא,9900.0,10.1,10.0,17.5,37.6,..,75.80,30.0,476,13.7,16.0,293,4178,6157.56,4.49,7672.9,-7.64
2016,דימונה,33500.0,7.5,8.2,15.0,30.7,10,50.60,21.57,1661,10.1,7.2,616,16558,8616.0,4.9,8273.0,-1.74
2016,הוד השרון,58900.0,8.0,6.8,11.1,25.9,6,82.60,27.74,2608,51.9,15.3,2924,28174,13300.0,1.4,12691.0,2.63
2016,הר אדר,4000.0,10.1,10.3,11.8,32.2,..,84.20,0.0,0,57.5,15.1,182,1930,14639.6,-1.17,16322.6,4.37
2016,הרצלייה,93100.0,6.1,5.5,11.7,23.299999999999997,10,70.90,25.85,3386,41.7,18.8,4415,43006,11673.0,1.7,12159.0,0.43
2016,זכרון יעקב,22700.0,9.6,9.3,12.5,31.4,6,67.30,25.0,1586,50.7,13.2,1032,9783,13292.97,-0.98,11435.65,0.18
2016,זמר,6600.0,9.7,10.5,17.1,37.3,..,45.50,34.0,686,11.4,15.8,295,2701,6505.53,1.48,7403.21,6.92
2016,זרזיר,7600.0,10.7,10.7,18.4,39.8,..,41.80,28.0,388,8.4,9.1,135,2981,5555.53,-2.77,10617.32,24.03
2016,חדרה,91700.0,6.7,6.6,13.4,26.700000000000003,20,48.20,23.54,3719,20.1,9.5,3201,45455,8454.0,2.4,9101.0,3.55
2016,חולון,190800.0,6.5,6.0,11.8,24.3,20,62.30,24.57,6242,19.9,14.0,7440,89091,8953.0,2.2,10309.0,3.68
2016,חורה,20000.0,15.0,12.4,15.1,42.5,7,43.10,24.0,1678,9.5,10.6,172,3797,5718.92,0.96,8464.77,6.46
2016,חורפיש,6200.0,9.8,9.7,17.4,36.9,..,62.60,25.0,345,20.0,20.7,242,2510,7179.15,-6.63,6350.49,10.2
2016,חיפה,279600.0,5.6,5.8,13.5,24.9,46,62,25.16,12150,31.9,22.6,8086,125978,9651.0,1.0,10598.0,3.33
2016,חצור הגלילית,9000.0,8.3,8.9,16.2,33.400000000000006,4,34.50,25.0,802,12.0,7.8,257,4282,6724.42,-0.2,7865.76,7.19
2016,חריש,1400.0,7.8,3.3,10.1,21.2,..,..,0.0,0,31.9,9.3,169,2275,8786.05,-0.48,8130.39,7.83
2016,טבריה,43100.0,7.8,7.2,15.1,30.1,15,36.70,21.79,2593,8.6,8.7,1224,19374,6197.0,0.0,7855.0,16.61
2016,טובא-זנגרייה,6400.0,11.0,10.6,17.6,39.2,..,28.10,25.0,278,5.7,7.8,132,2817,5587.88,8.4,9826.96,10.54
2016,טורעאן,13500.0,10.8,11.0,17.6,39.400000000000006,..,63,33.0,587,13.2,16.0,551,5120,5740.27,3.36,11679.98,4.3
2016,טייבה,41600.0,11.5,10.8,15.9,38.2,3,51.10,32.99,2441,11.9,16.3,1471,16252,5848.0,0.8,7546.0,4.95
2016,טירה,25300.0,9.8,10.0,17.5,37.3,7,45.80,24.39,1512,14.6,16.9,1140,10731,6348.0,2.5,7652.0,2.73
2016,טירת כרמל,20300.0,6.2,5.8,14.5,26.5,3,56.80,20.04,561,12.2,8.9,541,10486,7606.0,3.9,8597.0,5.22
2016,טמרה,32800.0,10.8,10.7,16.8,38.3,9,43.30,24.23,2084,10.0,15.9,902,12786,5468.0,3.4,8937.0,8.28
2016,יאנוח-ג'ת,6400.0,10.3,9.7,18.5,38.5,..,50.50,24.0,289,14.8,14.4,161,2691,6915.53,-3.51,6232.51,4.13
2016,יבנאל,4200.0,11.4,8.1,13.3,32.8,..,30,12.0,96,14.9,5.8,142,1360,6080.4,-0.33,7306.83,2.81
2016,יבנה,44100.0,6.7,6.0,13.6,26.299999999999997,7,63.40,24.19,1306,26.2,12.9,1592,21953,9523.0,-0.5,10769.0,0.44
2016,יהוד,29300.0,7.6,7.1,12.1,26.799999999999997,3,62.80,27.33,1831,33.3,14.7,1264,14422,11061.0,0.8,11669.0,3.22
2016,יסוד המעלה,1700.0,9.3,8.1,12.0,29.4,..,..,0.0,0,44.4,8.3,143,2361,9620.0,-0.16,12407.0,8.15
2016,יפיע,18400.0,9.8,11.0,17.1,37.900000000000006,4,51.10,24.0,1025,10.4,16.7,579,7216,5826.95,3.27,8611.03,3.25
2016,יקנעם עילית,22000.0,9.4,8.3,11.7,29.400000000000002,..,64.20,26.15,706,35.8,10.7,566,11374,10927.0,1.9,10456.0,2.79
2016,ירוחם,9200.0,8.7,9.7,15.2,33.599999999999994,3,45.20,22.0,436,18.0,10.4,137,4356,7694.62,0.22,9473.14,5.2
2016,ירושלים,882700.0,10.1,9.4,16.4,35.9,335,31.80,24.06,55480,14.7,10.2,19777,276358,7179.0,1.4,8841.0,4.57
2016,ירכא,16600.0,10.1,10.4,17.9,38.4,7,51.30,25.0,1027,11.3,14.0,570,5541,6362.87,-1.36,7392.29,8.79
2016,כאבול,13400.0,10.9,10.5,17.0,38.4,..,61,27.0,566,13.0,16.8,295,4419,5951.98,2.78,7059.95,7.74
2016,כאוכב אבו אל-היג'א,3400.0,10.3,9.7,15.4,35.4,..,81.40,24.0,213,19.3,25.1,101,1521,6786.82,2.56,6845.38,5.47
2016,כוכב יאיר,9000.0,8.4,9.9,16.5,34.8,..,85.90,0.0,0,59.5,14.8,496,4937,14084.12,0.31,14595.81,9.28
2016,כסיפה,19700.0,13.6,11.8,16.6,42.0,4,38.20,26.0,1656,10.2,10.8,114,4021,5568.27,2.51,8205.73,21.04
2016,כסרא-סמיע,8300.0,11.1,10.1,19.1,40.3,..,43,20.0,424,12.4,12.8,217,3298,6830.95,0.92,6527.08,9.09
2016,כעביה-טבאש-חג'אג'רה,5100.0,11.1,11.4,18.2,40.7,..,47,28.0,330,11.3,12.2,113,2161,5920.13,4.88,7554.02,13.35
2016,כפר ברא,3400.0,12.2,13.1,18.6,43.9,..,42.50,0.0,0,13.5,11.8,117,1364,6370.92,5.24,8833.71,4.23
2016,כפר ורדים,5600.0,9.2,9.7,13.1,32.0,..,82.40,21.0,362,54.6,11.6,272,2699,13462.7,-0.54,10204.6,4.97
2016,כפר יאסיף,9700.0,9.0,9.2,16.5,34.7,..,63.10,30.0,503,19.2,15.3,522,4357,6633.71,3.53,7715.16,7.88
2016,כפר יונה,22300.0,9.2,7.1,12.0,28.299999999999997,..,57.40,29.17,671,33.3,9.5,976,9914,10433.0,-0.2,10926.0,5.42
2016,כפר כמא,3200.0,7.4,8.1,16.9,32.4,..,59.30,0.0,0,19.2,26.6,119,1500,7768.73,0.79,8752.55,12.38
2016,כפר כנא,21500.0,11.1,11.6,17.3,40.0,5,49.50,29.0,1473,9.4,14.2,654,7821,5298.28,3.7,8870.71,3.68
2016,כפר מנדא,18800.0,11.4,12.1,18.9,42.4,3,48.80,28.0,1123,9.6,9.4,536,6447,5015.06,3.85,8851.39,3.26
2016,כפר סבא,99000.0,6.6,5.9,10.4,22.9,13,73.70,25.98,4521,44.4,14.5,4056,47215,11963.0,2.3,11951.0,-0.17
2016,כפר קאסם,22300.0,11.6,11.5,18.0,41.1,4,46.60,26.6,1516,10.7,13.9,832,8821,5784.0,3.2,7315.0,1.51
2016,כפר קרע,18000.0,10.0,10.2,17.7,37.9,6,53.50,26.0,1109,16.8,12.5,652,7916,6906.6,3.49,8776.05,9.53
2016,כפר שמריהו,1900.0,7.9,7.0,10.3,25.200000000000003,..,..,0.0,0,44.9,19.0,100,704,15624.13,2.44,12242.09,-0.7
2016,כפר תבור,4000.0,9.3,8.5,12.4,30.200000000000003,..,79.70,0.0,0,50.8,14.5,212,1995,12136.13,-0.99,11561.21,4.37
2016,כרמיאל,45300.0,6.7,6.7,12.9,26.3,11,60.70,21.21,1951,20.0,12.8,1273,23215,8426.0,1.5,8507.0,6.81
2016,להבים,6400.0,9.0,9.3,15.5,33.8,..,82.90,0.0,0,69.1,20.1,171,3249,16075.12,-0.1,21319.44,13.03
2016,לוד,73600.0,8.1,8.1,13.8,30.0,18,38.60,25.93,4175,9.6,9.1,1624,32671,7085.0,2.6,8054.0,5.29
2016,לקיה,12300.0,13.8,11.3,16.4,41.5,3,33.10,29.0,971,8.6,9.2,131,3833,5428.82,2.83,7879.35,3.48
2016,מבשרת ציון,24400.0,7.3,7.0,14.8,29.1,3,68.50,25.0,1136,40.3,16.0,917,11439,11619.92,1.51,11842.98,3.9
2016,מגאר,21900.0,9.3,10.3,18.9,38.5,4,45,23.0,1131,11.9,14.5,622,8270,5962.67,-1.23,8217.8,1.52
2016,מג'ד אל-כרום,14800.0,11.5,11.1,16.9,39.5,7,61.60,23.0,1083,8.6,14.3,431,6089,5589.9,5.31,9088.35,9.64
2016,מגדל,1900.0,8.5,7.1,14.3,29.9,..,..,0.0,0,18.9,11.2,146,2817,5535.0,-3.48,7412.0,2.85
2016,מגדל העמק,25100.0,7.7,8.1,14.1,29.9,7,38.40,20.93,1277,11.6,7.9,511,12291,6998.0,1.5,8825.0,0.39
2016,מג'דל שמס,10800.0,9.3,8.9,15.0,33.2,..,56.80,29.0,498,6.1,18.8,676,4067,4969.24,6.68,6499.25,11.93
2016,מודיעין עילית,66800.0,14.4,8.0,12.6,35.0,32,0.70,31.36,4484,3.2,2.2,907,13790,4612.0,3.6,5500.0,10.16
2016,מודיעין-מכבים-רעות*,90000.0,11.3,8.9,10.4,30.6,14,85.10,26.59,4999,52.3,15.5,3399,40318,13746.0,-2.8,12748.0,6.52
2016,מזכרת בתיה,13400.0,10.1,8.2,11.6,29.9,..,78.90,28.0,582,50.9,15.6,342,3382,12775.0,-2.83,10342.0,0.77
2016,מזרעה,3700.0,7.7,8.3,21.5,37.5,..,57.40,0.0,0,8.8,14.0,120,1812,6080.39,2.56,7522.99,-10.36
2016,מטולה,1600.0,6.2,5.6,21.9,33.7,..,..,0.0,0,38.0,16.0,83,879,8459.08,-1.34,10316.11,7.36
2016,מיתר,7500.0,10.0,8.8,12.8,31.6,..,75.50,29.0,293,60.7,13.2,240,4167,14912.54,1.0,13052.05,-0.99
2016,מסעדה,3600.0,10.2,8.9,13.9,33.0,..,38.30,26.0,517,4.1,13.8,219,1366,4997.46,6.02,6254.04,9.06
2016,מעיליא,3200.0,7.9,8.3,13.2,29.400000000000002,..,82.50,24.0,358,27.1,27.6,140,1465,8963.35,3.03,9118.85,-3.71
2016,מעלה אדומים,37700.0,9.2,8.8,15.3,33.3,8,65,22.91,2016,22.2,15.5,1000,18873,9060.0,1.9,10118.0,2.82
2016,מעלה אפרים,1200.0,6.1,6.3,18.6,31.0,..,..,14.0,127,15.0,8.2,24,748,6825.98,2.65,8195.91,53.83
2016,מעלה עירון,14300.0,11.4,12.3,17.0,40.7,..,45.80,27.0,703,9.6,11.1,386,5201,5657.8,3.85,8567.45,0.8
2016,מעלות-תרשיחא,21100.0,7.2,7.5,14.2,28.9,4,55.10,21.14,930,16.2,12.5,571,10676,7751.0,0.6,9075.0,2.15
2016,מצפה רמון,5100.0,8.8,11.3,18.3,38.400000000000006,..,53.80,25.0,346,20.5,8.8,138,2196,6463.45,-9.03,7615.35,-10.58
2016,משהד,8000.0,10.4,10.9,18.9,40.2,3,53.60,24.0,664,9.4,15.4,255,2920,5472.48,3.68,9160.19,2.95
2016,נהרייה,54900.0,7.2,6.4,12.2,25.8,8,61,24.18,1910,20.6,12.2,1739,27332,9208.0,0.9,10251.0,1.46
2016,נחף,12300.0,12.1,11.3,17.8,41.2,3,43.20,23.0,820,11.1,16.4,353,4637,5637.88,6.78,6700.23,9.58
2016,נס ציונה,48200.0,9.0,6.8,9.8,25.6,5,83.60,26.57,1674,47.4,15.4,1816,21566,12955.0,1.6,12643.0,0.99
2016,נצרת,75900.0,9.3,10.1,16.9,36.3,24,42.40,24.97,6541,13.0,14.6,2528,30680,6284.0,3.2,9335.0,4.58
2016,נצרת עילית,40200.0,6.2,6.5,12.9,25.6,5,53.50,21.57,992,15.4,13.4,1057,20698,7206.0,2.0,9417.0,6.04
2016,נשר,23700.0,5.6,5.5,14.7,25.799999999999997,..,70.20,24.75,594,27.7,18.8,664,11555,9563.0,2.2,10005.0,8.16
2016,נתיבות,32500.0,10.6,7.9,16.4,34.9,14,36.80,21.17,1482,12.2,9.4,760,13660,6348.0,1.0,8597.0,2.39
2016,נתניה,210800.0,6.9,6.0,12.5,25.4,27,52.40,25.0,7774,20.5,12.5,7354,95185,8391.0,1.9,9636.0,1.74
2016,סאג'ור,4100.0,9.5,10.2,19.8,39.5,..,34.40,22.0,153,14.8,15.2,103,1729,6494.22,-5.5,5077.94,-3.95
2016,סביון*,3800.0,9.0,9.0,11.6,29.6,..,85.70,0.0,0,51.2,21.4,198,1798,17116.66,1.01,16653.22,-27.2
2016,סח'נין,29900.0,10.0,9.9,16.9,36.8,5,56.70,28.25,1921,14.0,17.7,969,12133,6158.0,3.5,7960.0,7.27
2016,ע'ג'ר,2500.0,11.0,9.9,17.4,38.3,..,64.90,20.0,120,8.9,15.0,67,956,7005.79,6.48,8562.1,20.2
2016,עומר,7500.0,9.0,7.5,10.8,27.3,..,78.40,33.0,493,59.6,16.5,259,3801,15974.05,0.83,15568.99,1.05
2016,עיילבון,5500.0,8.6,9.0,16.1,33.7,..,37.90,34.0,304,19.8,17.6,197,2470,7247.08,1.73,8581.54,8.76
2016,עילוט,7700.0,11.5,10.8,18.4,40.7,..,25.80,25.0,379,2.1,6.6,195,2585,5421.4,3.93,11259.2,3.43
2016,עין מאהל,12600.0,10.6,11.9,18.1,40.6,..,37.40,27.0,829,7.7,10.3,277,4845,5132.41,4.45,7448.14,1.12
2016,עין קנייא,2000.0,9.7,8.8,15.3,33.8,..,..,0.0,0,4.0,22.4,94,857,5595.49,3.08,6360.84,18.79
2016,עכו,47800.0,7.0,7.5,14.8,29.3,12,42.50,20.79,2391,11.5,11.9,1255,22824,6846.0,1.4,9445.0,5.67
2016,עמנואל,3300.0,11.7,8.3,16.3,36.3,..,6.70,18.0,73,4.4,3.1,46,1154,4678.93,3.58,5594.26,43.53
2016,עספיא,11900.0,8.5,8.8,15.9,33.2,..,61.60,22.0,454,12.8,14.0,472,5005,7620.75,2.95,6769.91,8.89
2016,עפולה,47000.0,6.8,6.6,15.8,29.2,9,44.60,21.04,1873,14.6,11.6,1190,23476,7388.0,-0.3,9095.0,3.96
2016,עראבה,24500.0,11.7,11.2,16.4,39.3,4,54.60,24.64,1380,14.8,15.1,761,8566,6103.0,4.1,9092.0,8.53
2016,ערד,24700.0,7.0,6.7,15.1,28.799999999999997,4,52.10,27.75,888,11.7,5.0,602,11117,7297.0,2.7,7274.0,-0.32
2016,ערערה,24200.0,11.1,11.2,15.6,37.9,..,52.60,27.0,957,13.2,10.1,560,7564,6319.89,3.35,7401.57,9.3
2016,ערערה-בנגב,16300.0,14.6,12.5,16.9,44.0,4,17.90,23.0,1360,6.9,6.5,122,3616,5913.01,1.16,11182.51,0.53
2016,פוריידיס,12600.0,10.0,10.4,16.7,37.099999999999994,3,31.60,26.0,715,7.6,8.0,397,5163,5769.35,5.62,8278.05,8.75
2016,פסוטה,3100.0,7.0,8.6,15.2,30.799999999999997,..,72.70,0.0,0,23.1,27.4,191,1514,7430.97,3.75,9443.51,0.58
2016,פקיעין (בוקייעה),5700.0,8.3,8.5,17.6,34.400000000000006,..,71.80,23.0,225,18.3,18.3,286,2459,7065.13,-0.25,7260.88,5.74
2016,פרדס חנה-כרכור,39600.0,8.4,6.6,10.9,25.9,7,56.30,17.0,997,38.1,8.9,2114,17838,10081.0,1.19,9857.01,6.27
2016,פרדסייה,5800.0,6.9,7.8,18.0,32.7,..,73.70,0.0,0,45.0,15.2,335,3354,11960.82,0.74,11594.79,2.45
2016,פתח תקווה,236200.0,7.4,6.2,11.2,24.8,46,63.90,24.85,10287,30.4,15.0,7853,115151,9998.0,1.4,11285.0,5.77
2016,צפת,33600.0,10.0,8.7,15.8,34.5,14,28.10,24.94,2145,13.5,10.8,802,11674,5842.0,0.2,6904.0,3.1
2016,קדומים,4300.0,12.0,7.4,12.7,32.099999999999994,..,78.20,20.0,511,52.3,19.4,114,1785,8671.76,-1.84,8251.42,-15.04
2016,קדימה-צורן,21400.0,9.6,8.6,12.6,30.799999999999997,..,77.90,0.0,0,47.4,11.2,1132,9906,12557.92,2.48,12982.36,9.08
2016,קלנסווה,21900.0,11.5,11.8,16.7,40.0,4,35.20,31.86,1370,10.3,13.5,701,8204,6204.0,3.3,7964.0,10.57
2016,קצרין,7000.0,7.7,7.0,15.0,29.7,..,56.50,20.0,544,16.0,17.4,244,3492,6548.61,-2.55,7785.79,6.26
2016,קריית אונו,38600.0,8.1,5.8,9.5,23.4,3,82,28.42,1762,54.2,18.5,1612,17148,13892.0,2.2,13981.0,4.32
2016,קריית ארבע,7300.0,9.5,10.9,16.1,36.5,..,56.90,21.0,478,24.4,21.6,114,3034,5929.38,3.54,9679.06,12.09
2016,קריית אתא,56600.0,6.5,6.1,14.1,26.7,8,47.70,21.61,1772,18.5,11.5,1615,27377,8446.0,2.2,9543.0,2.69
2016,קריית ביאליק,39300.0,5.8,5.4,12.1,23.299999999999997,..,57.20,21.37,1218,23.5,10.8,986,19279,8940.0,1.6,10071.0,4.47
2016,קריית גת,52600.0,7.2,7.2,16.0,30.4,10,49.60,23.45,2275,11.4,8.9,1335,25406,6744.0,1.6,9610.0,6.08
2016,קריית טבעון,17600.0,7.1,6.6,11.4,25.1,3,71.20,21.0,814,53.2,14.0,805,7337,12171.05,0.47,11764.47,3.86
2016,קריית ים,39400.0,5.1,5.0,12.5,22.6,3,45.60,23.46,868,11.9,9.9,913,19043,7445.0,1.8,8027.0,5.82
2016,קריית יערים,4200.0,12.1,10.3,19.0,41.4,3,4.50,27.0,301,13.2,8.7,136,1398,5816.29,4.14,10389.13,16.69
2016,קריית מוצקין,40800.0,5.9,5.5,11.6,23.0,4,51.80,26.95,1644,26.5,12.5,1094,20961,9407.0,1.0,10622.0,6.91
2016,קריית מלאכי,21800.0,7.6,7.2,18.3,33.1,7,52.20,19.6,980,9.0,8.7,576,10504,6137.0,2.5,9085.0,7.64
2016,קריית עקרון,10800.0,6.9,7.1,16.2,30.2,..,53,29.0,172,13.9,9.1,410,5353,7616.33,-1.56,9168.21,10.24
2016,קריית שמונה,22900.0,7.2,7.2,17.5,31.9,5,47.80,20.23,890,13.2,19.8,584,11485,7172.0,-0.2,9294.0,5.47
2016,קרני שומרון,7100.0,8.8,9.5,18.3,36.6,..,60.90,27.0,242,33.6,17.6,217,3579,8589.25,2.12,8844.98,2.67
2016,ראמה,7500.0,8.1,9.0,17.6,34.7,3,62.20,25.0,908,19.4,18.8,321,3446,6918.96,2.69,7070.38,-1.62
2016,ראש העין,45500.0,7.5,8.1,15.8,31.4,6,67.80,25.47,1732,30.6,12.4,1802,24679,9974.0,-0.8,10460.0,1.05
2016,ראש פינה,3000.0,7.2,7.8,13.8,28.8,..,48.70,0.0,0,35.9,13.5,2043,22383,10492.0,2.27,11224.0,5.08
2016,ראשון לציון,247300.0,6.3,6.5,13.6,26.4,29,65.70,25.66,9802,24.3,15.6,9475,125057,10021.0,1.0,11367.0,2.97
2016,רהט,64500.0,13.6,12.8,17.7,44.099999999999994,8,29.40,25.46,3462,6.6,7.6,708,18292,4959.0,4.0,9846.0,3.23
2016,רחובות,135700.0,7.2,5.7,12.0,24.9,25,61,24.57,5553,36.2,14.9,4170,62533,10187.0,0.5,10459.0,1.69
2016,ריינה,18600.0,10.1,11.3,17.8,39.2,3,37.90,31.0,1093,7.5,11.3,490,6189,5726.25,2.87,8859.03,9.66
2016,רכסים,11400.0,12.2,11.2,16.8,40.2,7,6.30,22.0,761,7.2,4.4,166,3362,5222.72,3.38,5825.51,-0.6
2016,רמלה,75000.0,7.4,7.0,14.8,29.200000000000003,15,37.60,22.05,3373,7.3,8.8,2322,34229,7102.0,2.1,8892.0,5.96
2016,רמת גן,153700.0,5.5,5.0,12.6,23.1,14,76.70,29.43,6357,39.1,19.1,6555,70818,10863.0,2.2,11585.0,1.54
2016,רמת השרון,45100.0,7.4,6.3,9.5,23.2,5,75.40,28.1,2866,53.3,17.1,2322,19707,13914.0,0.3,14065.0,4.74
2016,רמת ישי,7600.0,8.1,7.2,13.5,28.8,..,67.30,0.0,0,48.8,13.0,255,3734,12330.37,0.62,10496.82,0.09
2016,רעננה,71700.0,7.7,7.1,12.3,27.1,14,81.30,25.61,3637,42.3,18.1,3471,32884,12299.0,1.1,13040.0,-1.72
2016,שבלי - אום אל-גנם,5800.0,11.4,10.9,14.9,37.2,..,50.40,26.0,334,9.8,13.5,188,2366,6222.06,3.64,9685.29,0.93
2016,שגב-שלום,9500.0,14.8,12.7,16.5,44.0,..,27,28.0,1145,6.2,4.9,71,2637,5090.99,4.25,6857.88,0.1
2016,שדרות,24000.0,6.0,7.3,18.3,31.6,4,61.20,19.23,577,14.7,13.0,634,12417,7201.0,3.9,9693.0,6.94
2016,שוהם,20700.0,11.1,11.3,15.3,37.7,..,87.60,30.0,1286,57.0,20.0,833,10633,14689.71,0.26,14792.15,1.16
2016,שלומי,6200.0,8.4,7.1,12.9,28.4,..,58.90,20.0,101,13.5,5.1,218,3157,8164.68,1.59,10706.09,8.26
2016,שעב,6700.0,10.4,10.8,18.3,39.5,..,52.30,25.0,329,8.5,14.4,4032,4032,4032.0,4032.0,4032.0,4032.0
2016,שפרעם,40500.0,10.1,10.3,16.5,36.9,9,41.20,25.11,2385,9.7,11.9,1161,16307,6236.0,2.0,8996.0,5.79
2016,תל אביב -יפו,438800.0,4.8,4.2,14.2,23.2,64,65.40,22.87,13037,41.1,20.8,24447,223935,11017.0,2.5,11908.0,2.42
2016,תל מונד,12200.0,11.0,10.2,11.9,33.1,..,84.30,33.0,1026,51.3,13.6,660,5819,13983.03,-0.02,13735.86,6.07
2016,תל שבע,19200.0,15.0,12.9,16.2,44.099999999999994,5,25.90,26.0,1120,6.3,7.5,149,4543,4983.94,-1.46,11631.4,0.88
